state,name,year,category,total_liabilities,bonds_outstanding,current_liabilities,leases,loans_outstanding,notes_outstanding,net_pension_liability,net_pension_assets,net_opeb_liability,net_opeb_assets,compensated_absences,charges_for_services,operating_grants,capital_grants,general_revenue,change_in_net_position,expenses,total_operating_revenues,non_operating_revenues,capital_contributions,revenues,State District ID,county,City,Students*
TX,katy isd,2020,School District,2787669152,2104407890,108378177,7455000,0,0,223796599,0,281189550,0,33037942,18618039,144751022,0,926599772,17082743,1072886090,0,0,0,1089968833,TX-101914,Fort Bend County,KATY,83423.00000
TX,fort worth isd,2020,School District,2010513068,1101918135,234239862,0,0,0,305150969,0,352419124,0,8385936,8517711,260696876,0,849338803,43584125,1074969265,0,0,0,1118553390,TX-220905,Tarrant County,FORT WORTH,82891.00000
TX,austin isd,2020,School District,2497995416,1259752262,804135841,0,1752489,0,118517031,0,302775488,0,0,12359383,194268580,0,1551262282,84932679,1672957566,90599189,637157,0,1757890245,TX-227901,Travis County,AUSTIN,80911.00000
TX,fort bend isd,2020,School District,1939809685,1241447450,215688777,0,0,0,206732032,0,270110960,0,3783094,32229778,173804959,0,765027201,-92545242,1063607180,10362075,0,0,971061938,TX-079907,Fort Bend County,SUGAR LAND,77756.00000
CA,long beach unified,2020,School District,3148525800,1604403010,182972369,0,0,0,922386344,0,425718817,0,13045260,11155221,241290427,8333227,875230225,12432101,1123576999,0,0,0,1136009100,CA-1964725,Los Angeles County,Long Beach,71712.00000
CA,fresno unified,2020,School District,3034261964,787415362,204081966,0,52959,0,942203000,0,1019190619,0,4534280,2480798,278345288,10632553,875250785,-67104085,1233813509,0,0,0,1166709424,CA-1062166,Fresno County,Fresno,71265.00000
TX,aldine isd,2020,School District,1730907415,1153879398,114330645,0,0,0,206674704,0,244402754,0,8142914,8122635,160538767,0,682017604,12428861,838250145,0,0,0,850679006,TX-101902,Harris County,HOUSTON,67259.00000
TX,conroe isd,2020,School District,1873250052,1424833695,72430287,0,0,0,169824823,0,205866828,0,294419,8489531,104132379,0,629684560,11725074,730581396,0,0,0,742306470,TX-170902,Montgomery County,CONROE,64799.00000
TX,north east isd,2020,School District,2132074073,1536119240,113954179,16080,0,0,184611924,0,237167621,0,5217375,25019262,120893482,0,657944666,-33005038,836862448,8476991,0,0,803857410,TX-015910,Bexar County,SAN ANTONIO,64539.00000
CA,elk grove unified,2020,School District,1218599815,280030239,0,14050237,0,0,749359000,0,11770913,0,16169700,22785700,171805100,11285395,635769515,-46093336,887739046,0,0,0,841645710,CA-3467314,Sacramento County,Elk Grove,63660.00000
TX,frisco isd,2020,School District,2771800196,2252532141,142173875,0,0,0,182078056,0,195016124,0,0,36129968,71108796,0,713149401,-12287776,832675941,0,0,0,820388165,TX-043905,Collin County,FRISCO,62705.00000
TX,arlington isd,2020,School District,1643859113,1097932513,109491434,0,0,2534161,202083399,0,231749147,0,0,6177653,153420351,0,600076717,2900351,756774370,2170277,87297,0,759674721,TX-220901,Tarrant County,ARLINGTON,59532.00000
TX,garland isd,2020,School District,1028867238,557829529,78668996,983047,0,6466357,176503815,0,204393433,0,1151090,9028933,121875947,0,561418373,39301190,653022063,0,0,0,692323253,TX-057909,Dallas County,GARLAND,55701.00000
TX,el paso isd,2020,School District,1635139177,1016034687,162416367,10832688,0,53635245,165283406,0,214670423,0,10963143,4682509,169440796,0,539023388,3563049,709583644,31187573,179224,0,713146693,TX-071902,El Paso County,EL PASO,55253.00000
TX,klein isd,2020,School District,1688085132,1225799203,93750833,0,0,0,171536152,0,192705677,0,3764296,11189299,92174619,0,518687116,49445032,572606002,0,0,0,622051034,TX-101915,Harris County,KLEIN,54096.00000
NE,omaha public schools,2020,School District,1787588,781199,128489,1515,0,0,848152,0,24055,0,0,11510,136895,0,703616,-85137,937158,27743,6632,0,852021,NE-280001000,Douglas County,OMAHA,53483.00000
TX,pasadena isd,2020,School District,1358873648,797365821,87775873,0,0,0,209167194,0,237273584,0,271981,9177615,155032044,0,517671080,-31199867,713080606,48655507,81610,0,681880739,TX-101917,Harris County,PASADENA,52878.00000
CA,san francisco unified,2020,School District,2652780917,897534000,90091449,4287000,0,0,836406746,0,782068572,0,0,2272277,313285564,0,974652263,-16753110,1306963214,9229242,0,0,1290210104,CA-3868478,San Francisco County,San Francisco,52811.00000
TX,plano isd,2020,School District,1471969476,823578740,271048351,0,0,0,174271009,0,198353587,0,3766513,20959370,116590537,0,791850518,57232413,872168012,7383507,0,0,929400425,TX-043910,Collin County,PLANO,52629.00000
CA,corona-norco unified,2020,School District,1511591818,678625184,75662863,25802026,0,0,625815620,0,76877208,0,5101062,7617180,122620657,0,569735177,-40933125,740906139,0,0,0,699973014,CA-3367033,Riverside County,Norco,52557.00000
GA,atlanta public schools,2020,School District,1457874182,0,94544551,0,0,0,926762156,0,348020497,0,5756392,2906192,298428243,8069933,755593032,107459381,957538019,0,0,0,1064997400,GA-761,Fulton County,Atlanta,52416.00000
TX,lewisville isd,2020,School District,2016853986,1571032794,99441710,0,0,0,159467259,0,183776610,0,3135613,21153088,83270862,0,647845060,76402745,675866265,1151790,48541,0,752269010,TX-061902,Denton County,LEWISVILLE,52189.00000
TX,round rock isd,2020,School District,1540696369,1141173684,104453665,0,0,0,124392763,0,165202836,0,5473421,11608971,95336120,2243837,524554689,12477187,621266430,0,0,0,633743617,TX-246909,Williamson County,ROUND ROCK,50953.00000
MI,detroit public schools community district,2020,School District,1630885788,0,151765148,0,0,0,1180054667,0,268029670,0,8728722,6111684,401553236,0,406311542,-114110010,928086472,0,0,0,813976462,MI-82015,Wayne County,Detroit,50644.00000
OH,columbus city,2020,School District,1621970087,509344451,99946089,80849,0,0,853903447,0,92781777,46421447,62566077,10567738,193029618,85925,771746690,-151565065,1126995036,0,0,0,975429971,OH-043802,Franklin County,Columbus,48759.00000
CA,san bernardino city unified,2020,School District,1353469456,288299961,121245697,0,0,0,701302239,0,104039044,0,5875504,9816126,179410780,3567594,605116346,-101987687,899898533,0,0,0,797910846,CA-3667876,San Bernardino County,San Bernardino,48755.00000
TX,san antonio isd,2020,School District,1599347637,1102057715,117674950,1127444,0,0,139264208,0,230247500,0,358773,4821377,217150782,0,555971921,18527466,759416614,2425001,0,0,777944080,TX-015907,Bexar County,SAN ANTONIO,48532.00000
CA,los angeles unified,2020,School District,29653109000,11408196000,1251049000,186000,80000,0,7446273000,0,8578152000,0,90595000,152432000,1958995000,78582000,6934791000,-195267000,9320067000,0,0,0,9124800000,CA-1964733,Los Angeles County,Los Angeles,483234.00000
TX,socorro isd,2020,School District,1309743953,971736560,64805894,5597836,0,0,118210786,0,149392877,0,0,2934846,119151202,0,445999314,13861191,554224171,52969448,53840,0,568085362,TX-071909,El Paso County,EL PASO,47575.00000
CA,capistrano unified,2020,School District,726686125,30016038,28746071,773087,0,0,500334962,0,110283407,0,4352134,6028185,68465399,0,453355422,-30720310,558569316,0,0,0,527849006,CA-3066464,Orange County,San Juan Capistrano,46501.00000
AK,anchorage,2020,School District,998762854,489914086,38999834,2672312,0,0,436189898,24355214,5939509,0,13357920,7359778,131738548,20264427,633503534,117753419,675112868,0,0,0,792866287,AK-05,Anchorage Municipality,Anchorage,46143.00000
CA,santa ana unified,2020,School District,1377591091,385152202,67509707,0,11400054,0,664183248,0,161519880,0,4627547,4304831,176290553,-2501803,588103318,-20343148,786540047,0,0,0,766196899,CA-3066670,Orange County,Santa Ana,45576.00000
TX,killeen isd,2020,School District,814770682,456914454,57560400,0,0,0,133732517,0,164561822,0,1209247,1754208,47757760,0,491337300,10443588,530405680,0,0,0,540849268,TX-014906,Bell County,KILLEEN,45336.00000
TX,alief isd,2020,School District,791469325,346612378,78442500,0,0,0,164843644,0,191398931,0,6217816,6498551,133838968,0,438466478,-22657661,601461658,58699740,93386,0,578803997,TX-101903,Harris County,ALIEF,45300.00000
TX,humble isd,2020,School District,1216359655,842615865,98535554,0,0,0,121906407,0,149154126,0,3894857,13765367,75100204,0,486083924,-8868544,583818039,0,0,0,574949495,TX-101913,Harris County,HUMBLE,45078.00000
MD,frederick county public schools,2020,School District,960164547,0,40353913,31945115,0,0,41209266,0,812253229,0,9102639,5574472,167968413,86498795,458573096,-7881761,726496537,0,0,0,718614776,MD-10,Frederick County,Frederick,43828.00000
CA,clovis unified,2020,School District,1486986076,452098291,59856527,13867888,0,0,489521762,0,424477600,0,3473663,16059272,90249426,41479499,497934063,27923841,617798419,0,0,0,645722260,CA-1062117,Fresno County,Clovis,43654.00000
TX,united isd,2020,School District,952490231,576394343,44901047,3977691,5040517,0,142191411,0,173952257,0,5307035,5102715,70594253,0,447313154,-21390986,544401108,42570587,24573,0,523010122,TX-240903,Webb County,LAREDO,43033.00000
TX,brownsville isd,2020,School District,586322178,120605845,94971732,2552317,0,42043292,140539681,0,184854403,0,754908,2128548,96636967,0,480053023,7329572,571488966,0,0,0,578818538,TX-031901,Cameron County,BROWNSVILLE,43028.00000
GA,cherokee county,2020,School District,1227419416,472710291,59972834,0,0,0,419413252,0,273784693,0,1538346,8179194,259413966,4500880,256607042,2915041,525786041,0,0,0,528701082,GA-628,Cherokee County,Canton,42766.00000
TX,clear creek isd,2020,School District,1400136500,1067559573,68668106,0,0,0,119560786,0,139419865,0,4928170,18672978,66999736,0,425024622,-12925719,523623055,7807098,4084630,0,510697336,TX-084910,Galveston County,LEAGUE CITY,42388.00000
NE,lincoln public schools,2020,School District,30753928,526467134,30753928,0,0,0,158731594,0,0,0,0,11307938,70646140,0,691983640,182972892,590964826,0,0,0,773937718,NE-550001000,Lancaster County,LINCOLN,42258.00000
CA,sacramento city unified,2020,School District,1736862703,579370096,73558105,0,0,0,511057000,0,567907029,0,4970473,7711938,171956963,0,521448473,31157844,669959530,0,0,0,701117374,CA-3467439,Sacramento County,Sacramento,42232.00000
CA,kern high,2020,School District,945922165,294811364,66691834,0,0,70295000,503973967,0,0,22267900,10150000,5318030,99260702,5583378,546904434,18924589,638141955,9352658,417711,0,657066544,CA-1563529,Kern County,Bakersfield,41451.00000
CA,garden grove unified,2020,School District,1246768735,418117646,80643174,0,0,0,570299021,0,173279211,0,4429683,4756064,104876353,16768747,510050322,-17003978,653455464,60298963,3193153,0,636451486,CA-3066522,Orange County,Garden Grove,41423.00000
TX,leander isd,2020,School District,2049301062,1716525944,104169434,0,0,0,99360186,0,126525714,0,0,10279576,60144667,0,461865893,43057825,489232311,23941822,0,0,532290136,TX-246913,Williamson County,LEANDER,41381.00000
TX,ysleta isd,2020,School District,1265928381,875797499,66000631,715945,0,29570000,124356659,0,160768518,0,8719129,3031786,127463030,0,400074475,-21285024,551854315,138112,0,0,530569291,TX-071905,El Paso County,EL PASO,40428.00000
CA,riverside unified,2020,School District,1082021358,388914382,80047187,0,0,0,534464676,0,43189695,0,7287713,7327972,115950145,61473,458152783,-2620264,584112637,0,0,0,581492373,CA-3367215,Riverside County,Riverside,40204.00000
TX,mesquite isd,2020,School District,1221892772,883293726,71545177,0,0,0,122879364,0,142841285,0,1333220,5997870,126444183,0,397236760,21678364,508000449,0,0,0,529678813,TX-057914,Dallas County,MESQUITE,39856.00000
CA,san juan unified,2020,School District,1361204796,651470512,68484844,995690,0,0,504729000,0,123409701,0,6027100,10292302,152349618,1501715,456642405,8373286,612412754,0,0,0,620786040,CA-3467447,Sacramento County,Carmichael,39740.00000
TX,richardson isd,2020,School District,1003571432,640797651,72624993,359632,0,0,133275141,0,153917279,0,998259,8314719,93289029,0,447518705,1938377,547184076,1284083,0,0,549122453,TX-057916,Dallas County,RICHARDSON,39619.00000
CO,adams 12 five star schools,2020,School District,1332705433,557950682,77573274,31537575,0,0,616603671,0,30315215,0,0,23393754,64150899,0,463563856,181354366,369754143,0,0,0,551108509,CO-0020,Adams County,THORNTON,38707.00000
CA,sweetwater union high,2020,School District,1339642778,526922240,59822821,5217381,0,0,516761000,0,178353546,0,8667530,5020549,111326186,4662,478783071,21539290,573595178,0,0,0,595134468,CA-3768411,San Diego County,Chula Vista,38553.00000
MD,harford county public schools,2020,School District,1342102739,0,17533244,6931521,0,0,26004131,0,1258036000,0,33597843,7175788,145235567,55004253,408168738,-43547279,659131625,0,0,0,615584346,MD-12,Harford County,Bel Air,38429.00000
CA,stockton unified,2020,School District,1251053042,498077496,58831141,0,0,0,501211000,0,133467099,0,2445386,3184994,156287508,0,466489758,-23623543,649585803,0,0,0,625962260,CA-3968676,San Joaquin County,Stockton,37559.00000
OH,cleveland municipal,2020,School District,1279662008,264275000,100100151,1350746,0,0,781584016,0,86211771,0,42857903,10839951,166938729,1860393,685517726,-83003856,948160655,0,0,0,865156799,OH-043786,Cuyahoga County,Cleveland,37146.00000
TX,corpus christi isd,2020,School District,1065780178,754869272,63674573,7081057,0,0,103220631,0,126210740,0,7271790,3814461,99747025,0,385417888,32765766,456213608,55865,0,0,488979374,TX-178904,Nueces County,CORPUS CHRISTI,36618.00000
CA,poway unified,2020,School District,1621614266,1083704628,32797022,3665258,0,0,410754185,0,80113937,0,5933601,26752986,68901033,371959,423134884,-32932470,552093332,0,409134,0,519160862,CA-3768296,San Diego County,San Diego,36586.00000
CA,irvine unified,2020,School District,635380321,132637239,33051771,545329,0,0,414624892,0,45365547,0,387656,6588517,75613010,202391232,401083313,98674112,587001960,0,0,0,685676072,CA-3073650,Orange County,Irvine,36177.00000
CA,fontana unified,2020,School District,946978452,219254723,79229956,298133,0,0,483736757,0,129275578,0,3276534,11153513,100608402,176021,430421192,-34140270,576499398,0,0,0,542359128,CA-3667710,San Bernardino County,Fontana,36160.00000
CA,oakland unified,2020,School District,1819330244,1131058106,105101908,0,23091412,0,503385375,0,0,0,13182778,2893140,172025707,0,571593108,-3445416,749957371,25196349,209229,0,746511955,CA-0161259,Alameda County,Oakland,36154.00000
TX,mansfield isd,2020,School District,1288151972,982092873,82180502,332454,0,0,102362821,0,121183321,0,0,9069891,60107060,0,371581963,-1583413,442342327,357454,0,0,440758914,TX-220908,Tarrant County,MANSFIELD,35669.00000
CA,fremont unified,2020,School District,1170307566,456435745,54018125,0,0,0,458190448,0,137367513,0,2505735,4443584,84457867,0,389615947,-11700055,490217453,0,0,0,478517398,CA-0161176,Alameda County,Fremont,35431.00000
TX,spring isd,2020,School District,1129098593,799040030,73711396,89890,0,0,114677823,0,138635456,0,1495590,3455499,93473848,0,368207786,-8821756,473958889,0,0,0,465137133,TX-101919,Harris County,HOUSTON,35336.00000
TX,keller isd,2020,School District,1334330855,1060128721,56902243,0,0,0,96618913,0,116318686,0,929285,20171116,57291990,0,380810357,192702,458080761,22111416,52587,0,458273463,TX-220907,Tarrant County,KELLER,35267.00000
TX,spring branch isd,2020,School District,1237341480,854675443,129776008,0,0,0,111897876,0,130631462,0,10355939,6810011,88431358,0,462461113,35046272,522656210,2367718,0,0,557702482,TX-101920,Harris County,HOUSTON,35188.00000
TX,ector county isd,2020,School District,439368530,170594397,48742760,2655646,0,0,89271128,0,119423267,0,6120573,8471736,70985968,0,297409303,28071061,348795946,27256175,275929,0,376867007,TX-068901,Ector County,ODESSA,33822.00000
TX,irving isd,2020,School District,685704652,414677805,28688102,0,0,0,115166596,0,126254519,0,0,2719624,73015452,0,365998687,13862244,427871519,1628583,0,0,441733763,TX-057912,Dallas County,IRVING,33544.00000
TX,amarillo isd,2020,School District,516180625,239375000,55582000,0,0,0,89394235,0,110453085,0,0,14389854,69709569,659206,301871723,24075807,362554545,0,0,0,386630352,TX-188901,Potter County,AMARILLO,32436.00000
CA,moreno valley unified,2020,School District,724924698,214488958,31381931,0,0,0,421641907,0,39679202,0,5586471,4267411,98339011,3077989,409138965,-5603882,520427258,7819069,8066751,0,514823376,CA-3367124,Riverside County,Moreno Valley,32299.00000
CA,san ramon valley unified,2020,School District,889283293,468964637,17149685,11048881,0,0,342173644,0,47204309,0,2610472,6854961,62433793,1926125,351008266,-16967705,439190850,0,0,0,422223145,CA-0761804,Contra Costa County,Danville,31911.00000
GA,muscogee county,2020,School District,581553835,0,54293017,1841601,0,0,306866281,0,214616262,0,1911602,2954049,221983044,4101364,155546852,-5706894,390292203,0,0,0,384585309,GA-706,Muscogee County,Columbus,31733.00000
TX,denton isd,2020,School District,1612925722,1317101102,84523589,0,0,0,97444139,0,112798512,0,1058380,11605485,49004122,0,377454207,16065102,421998712,3500578,6926804,0,438063814,TX-061901,Denton County,DENTON,30919.00000
CA,bakersfield city,2020,School District,671058923,121107736,37356682,2317244,0,0,386111108,0,110140997,0,1868405,1160899,93087913,5809912,361572263,-3935824,465566811,2532756,333124,0,461630987,CA-1563321,Kern County,Bakersfield,30793.00000
CA,anaheim union high,2020,School District,901533640,311663926,47001784,2541909,0,0,384173652,0,116099655,0,2316573,3990185,84454845,2551269,385400198,18795625,457600872,0,0,0,476396497,CA-3066431,Orange County,Anaheim,29832.00000
IN,fort wayne community schools,2020,School District,281204456,200917583,34687604,989973,9232828,0,24192075,4235230,10883377,0,301016,6629665,75690449,2419210,305879599,21033175,369585748,0,0,0,390618923,IN-0235,Allen County,Fort Wayne,29486.00000
CA,visalia unified,2020,School District,587855811,61765294,37121441,1580937,0,0,328119000,0,85062340,0,1016799,5877383,77064615,6432336,322621379,1326190,410669523,0,0,0,411995713,CA-5472256,Tulare County,Visalia,29375.00000
TX,grand prairie isd,2020,School District,745064909,494967115,37393873,0,0,0,98788822,0,112661180,0,465230,4247673,90504856,0,321620954,25922003,390451480,0,0,0,416373483,TX-057910,Dallas County,GRAND PRAIRIE,29266.00000
NJ,jersey city public schools,2020,School District,277131663,0,63060366,0,0,0,180540041,0,0,0,33531256,4809473,99079583,961379,691673046,15889843,780633638,527647,21431956,0,796523481,NJ-172390,Hudson County,Jersey City,29113.00000
CA,san jose unified,2020,School District,1025787693,623987185,64459394,180569,0,0,331472064,0,3670287,0,1044226,3232040,76684242,0,387871548,2407127,465380703,0,0,0,467787830,CA-4369666,Santa Clara County,San Jose,28830.00000
CA,lodi unified,2020,School District,795647933,301028318,60024068,5092677,0,0,348493967,0,77782961,0,1259809,6623436,76454936,0,336774095,25301267,394551200,0,0,0,419852467,CA-3968585,San Joaquin County,Lodi,28626.00000
CA,west contra costa unified,2020,School District,2099549108,1449998732,61275319,0,0,0,354230577,0,223643476,0,2241004,1984335,88379491,0,411152399,-55658856,557175083,2965247,0,0,501516227,CA-0761796,Contra Costa County,Richmond,28246.00000
CA,temecula valley unified,2020,School District,544118091,170662218,22688571,952858,0,0,309690533,0,36279204,0,806707,4273251,53731630,81833,292004391,-11941247,362032352,0,109433,0,350091105,CA-3375192,Riverside County,Temecula,27979.00000
CA,desert sands unified,2020,School District,960408866,376430000,50557283,0,0,0,358333365,0,95143858,0,1497892,3418596,71954081,0,364044144,766474,438650347,0,561241,0,439416821,CA-3367058,Riverside County,La Quinta,27963.00000
MD,charles county public schools,2020,School District,488701968,0,49306697,0,0,0,9914047,0,420009395,0,9471829,4273720,121133608,24877241,321006114,30362774,440927909,0,0,0,471290683,MD-08,Charles County,La Plata,27521.00000
CA,chino valley unified,2020,School District,1016474524,611587325,47289425,603815,0,0,306805356,0,46222605,0,2540893,7950647,54757488,83193,311085119,9311456,364564991,0,0,0,373876447,CA-3667678,San Bernardino County,Chino,27511.00000
TX,lubbock isd,2020,School District,563458608,345247672,42754916,0,0,0,70789416,0,94396849,0,10220000,8170503,73706853,0,253164161,-8622392,343663909,0,0,0,335041517,TX-152901,Lubbock County,LUBBOCK,27348.00000
TX,la joya isd,2020,School District,548559712,266056520,33035907,14403518,0,0,103334248,0,130359927,0,1378592,1867853,71887541,0,304047192,-18457305,396259891,470598,339658,0,377802586,TX-108912,Hidalgo County,LA JOYA,27291.00000
GA,hall county,2020,School District,513956133,32784845,36421751,0,0,0,253001245,0,190929917,0,818374,3995969,185612110,862334,149781052,13968894,326282571,0,0,0,340251465,GA-669,Hall County,Gainesville,27135.00000
TX,alvin isd,2020,School District,1064966055,864585756,55071163,666536,0,0,48703230,0,93925220,0,2014150,6483304,60325829,0,322802094,27613402,361997825,0,0,0,389611227,TX-020901,Brazoria County,ALVIN,27022.00000
WI,madison metropolitan,2020,School District,317926831,27701876,34054221,3103369,240764,99735000,35798708,47452918,37672456,0,79620437,12328461,64006254,0,391964653,3393439,464905929,0,0,0,468299368,WI-3269,Dane County,Madison,26842.00000
MI,utica community schools,2020,School District,971454312,213185675,57446722,0,0,2666667,573161685,0,122274471,0,1156637,8217119,69600120,0,246151535,-13741886,337710660,0,0,0,323968774,MI-50210,Macomb County,STERLING HEIGHTS,26632.00000
TX,midland isd,2020,School District,515419658,201067123,171174976,0,0,0,63972376,0,79205183,0,0,5389316,46458187,2219560,447623430,84182768,417507725,0,0,0,501690493,TX-165901,Midland County,MIDLAND,26432.00000
TX,pflugerville isd,2020,School District,881758958,695387412,29765902,0,0,0,66928154,0,86265850,0,1792115,8339564,48735937,0,309326998,9212218,357190281,2810170,0,0,366402499,TX-227904,Travis County,PFLUGERVILLE,26400.00000
CA,saddleback valley unified,2020,School District,533683833,114784126,20498240,0,0,0,291368498,0,94688580,0,1433248,8679834,43964474,4775,278726679,-19833516,351209278,2999293,85660,0,331375762,CA-3073635,Orange County,Mission Viejo,26304.00000
CA,orange unified,2020,School District,642471671,252011836,32176931,15551384,15551384,0,315728453,0,0,29670678,4676726,10089843,53214357,0,284271776,11077849,336498127,0,0,0,347575976,CA-3066621,Orange County,Orange,26265.00000
TX,carrollton-farmers branch isd,2020,School District,478280382,221864030,63954995,0,0,0,88751359,0,99945676,0,2153237,6300683,44856936,359610,330727931,35771573,346473587,2767602,0,0,382245160,TX-057903,Dallas County,CARROLLTON,25611.00000
IN,indianapolis public schools,2020,School District,571486613,463704448,56536027,6822273,0,0,32356574,4347419,7328737,0,4738554,4946887,104474816,0,444835354,40434077,513822980,0,0,0,554257057,IN-5385,Marion County,Indianapolis,25611.00000
CA,glendale unified,2020,School District,913199403,431700397,59188156,0,790980,0,298101876,0,118969097,0,4448897,11356554,68829722,0,279945575,-27842362,387974213,0,0,0,360131851,CA-1964568,Los Angeles County,Glendale,25528.00000
CA,twin rivers unified,2020,School District,809205244,329340358,45815320,3414007,0,0,340472842,0,34077322,0,1849698,4684247,116951431,514196,324030887,-7187268,453368029,0,0,0,446180761,CA-3476505,Sacramento County,North Highlands,25340.00000
CA,rialto unified,2020,School District,544599767,143490655,38321788,9407844,4324580,0,309663961,0,31090552,0,1014249,1615816,74937194,397621,310552386,-14471005,401974022,0,0,0,387503017,CA-3667850,San Bernardino County,Rialto,25186.00000
CA,placentia-yorba linda unified,2020,School District,769123429,302166968,21670498,0,0,0,280314281,0,54611063,0,3481085,8583040,49270943,78148,270766302,-6162561,334860994,0,0,0,328698433,CA-3066647,Orange County,Placentia,25162.00000
TX,comal isd,2020,School District,998555775,816762893,51859694,0,0,0,56903033,0,71268687,0,1761468,7086935,18510350,0,280712325,8481037,297828573,0,0,0,306309610,TX-046902,Comal County,NEW BRAUNFELS,25089.00000
TX,northwest isd,2020,School District,1457417740,1224769891,66315570,0,17108482,0,71069239,0,77074785,0,1079773,11254395,31158936,0,297301792,-5381069,345096192,0,0,0,339715123,TX-061911,Denton County,FORT WORTH,25040.00000
TX,mckinney isd,2020,School District,737046996,548193787,34464317,0,0,0,72766653,0,81622239,0,0,7354769,41601292,0,294961600,7298303,336619358,0,0,0,343917661,TX-043907,Collin County,MCKINNEY,24621.00000
CA,montebello unified,2020,School District,780126340,215054928,89265045,0,0,0,315137161,0,144566978,0,3559838,2121278,76689334,0,318242010,9924239,387128383,374182,11762633,0,397052622,CA-1964808,Los Angeles County,Montebello,24371.00000
CA,manteca unified,2020,School District,568872602,228828419,27891592,0,0,0,269654806,0,28332502,0,900141,6010250,50136232,37756,282877156,3431181,335630213,0,0,0,339061394,CA-3968593,San Joaquin County,Manteca,23834.00000
TX,hurst-euless-bedford isd,2020,School District,601531615,411016000,39838459,0,0,0,69609737,0,79677545,0,929053,4923268,37499156,0,263170234,32861622,272731036,0,0,0,305592658,TX-220916,Tarrant County,BEDFORD,23816.00000
CA,chaffey joint union high,2020,School District,1153198821,518904443,53182391,0,0,0,301342146,0,269109067,0,2591409,6554684,41916164,10959568,300020743,-18626310,378077469,0,0,0,359451159,CA-3667652,San Bernardino County,Ontario,23724.00000
TX,laredo isd,2020,School District,580354248,321907367,64940201,0,8000000,0,82289307,0,100448289,0,2769084,1273678,86919687,0,243121045,4976277,326338133,0,0,0,331314410,TX-240901,Webb County,LAREDO,23706.00000
TX,judson isd,2020,School District,877829342,659520142,56436257,0,0,3350000,71486352,0,84846961,0,2189630,7692013,37745504,0,249643578,473075,294608020,0,0,0,295081095,TX-015916,Bexar County,LIVE OAK,23680.00000
TX,birdville isd,2020,School District,727310366,506786137,53022606,0,0,0,77013305,0,87331784,0,3004345,8947804,69049089,0,246969499,14989264,309977128,1438793,13155,0,324966392,TX-220902,Tarrant County,HALTOM CITY,23576.00000
CA,tustin unified,2020,School District,529842849,185913069,31835859,0,0,0,263514421,0,40256092,0,1595399,6072776,43838186,0,255900772,-5835656,311647390,0,0,0,305811734,CA-3073643,Orange County,Tustin,23521.00000
CA,murrieta valley unified,2020,School District,555500567,207209693,19427099,226107,0,0,279443097,0,17455148,0,844515,4552666,50681866,0,242860325,-25541360,323636217,0,0,0,298094857,CA-3375200,Riverside County,Murrieta,23470.00000
CA,chula vista elementary,2020,School District,786895736,183158977,32582458,398434,0,0,365208216,0,41796506,0,1790254,5260986,54536781,0,334521878,-28716088,423035733,3277578,308694,0,394319645,CA-3768023,San Diego County,Chula Vista,23116.00000
CA,torrance unified,2020,School District,886992712,519667592,49492318,944511,0,0,285484446,0,5325741,0,3400047,7657186,31622384,7622216,270098621,-9755085,326755492,0,0,0,317000407,CA-1965060,Los Angeles County,Torrance,23100.00000
OH,toledo city,2020,School District,607113724,113885115,53441787,0,0,0,377021808,0,38843394,21129522,23921620,7469989,64393463,140274,407445488,-30895332,510344546,57845006,786833,0,479449214,OH-044909,Lucas County,Toledo,22897.00000
GA,coweta county,2020,School District,411159499,0,37449975,0,0,0,219538386,0,151789626,0,910862,4041896,136743713,3249232,133768129,16004764,261798206,0,0,0,277802970,GA-638,Coweta County,Newnan,22855.00000
CA,pomona unified,2020,School District,777290662,330023789,55163010,0,0,0,342411131,0,40579772,0,237600,822162,137097238,2529979,321761932,13654832,448556479,0,0,0,462211311,CA-1964907,Los Angeles County,Pomona,22766.00000
OH,south-western city,2020,School District,633494241,254862222,35588066,0,0,0,301968343,0,25193892,18059102,15881718,8168610,54035939,0,302286796,21046367,343444978,0,0,0,364491345,OH-044800,Franklin County,Grove City,22727.00000
CA,east side union high,2020,School District,1364611658,974356564,44419076,238632,0,30000000,279779222,0,32251919,0,2648245,1125918,52539112,32478,366703455,32375957,388025006,884594,4308026,0,420400963,CA-4369427,Santa Clara County,San Jose,22576.00000
CA,palm springs unified,2020,School District,821765205,402959805,42307407,0,0,0,313535511,0,55573248,0,3519126,5362357,68432886,7569046,307860762,-5194817,394419868,0,0,0,389225051,CA-3367173,Riverside County,Palm Springs,22439.00000
TX,galena park isd,2020,School District,663322333,466113669,22244836,0,0,0,81472130,0,92060087,0,1431611,3473226,60970808,0,258483044,13049258,309877820,0,0,0,322927078,TX-101910,Harris County,GALENA PARK,22428.00000
TX,mcallen isd,2020,School District,304992437,60501536,31955886,3752503,0,45642259,66988348,0,90903930,0,0,4723280,60734131,0,228107183,-2853386,296417980,0,0,0,293564594,TX-108906,Hidalgo County,MCALLEN,22427.00000
CA,hemet unified,2020,School District,628618433,192398145,22785037,2027574,0,0,319141565,0,36741414,0,1802042,23455549,69646626,0,270483382,-25919661,389505218,0,0,0,363585557,CA-3367082,Riverside County,Hemet,22303.00000
CA,william s. hart union high,2020,School District,874349644,456184084,41265899,44651467,0,0,247799941,0,66955304,0,984977,857659,42767283,2948951,256725180,-15818325,319117398,0,0,0,303299073,CA-1965136,Los Angeles County,Santa Clarita,22228.00000
IN,hamilton southeastern schools,2020,School District,332174292,286104781,24655681,1844965,0,0,14392561,3360173,5011819,0,164485,8274552,8154298,244440,256686287,11236565,262123012,27983986,132945,0,273359577,IN-3005,Hamilton County,Fishers,22183.00000
OH,olentangy local,2020,School District,772945548,417119566,34219515,719859,0,5480743,268874257,0,24132277,15906952,17370853,9872345,16167650,17538,223415940,-62382164,311855637,0,0,0,249473473,OH-046763,Delaware County,Lewis Center,22124.00000
CA,downey unified,2020,School District,704054004,211653970,55147228,0,0,0,290126846,0,126176599,0,2872700,11190152,77298348,223003,273069991,-16280793,378062287,0,0,0,361781494,CA-1964451,Los Angeles County,Downey,22101.00000
CA,hesperia unified,2020,School District,439794130,25780000,19920212,14907993,0,0,254272285,0,25614466,0,1307039,4797372,35385804,0,254477288,-19119479,313779943,0,0,0,294660464,CA-3675044,San Bernardino County,Hesperia,22060.00000
TX,allen isd,2020,School District,805466806,636700829,34528690,0,0,0,61298798,0,72027973,0,910516,9355731,29815983,0,256026892,1104097,294094509,3509918,3,0,295198606,TX-043901,Collin County,ALLEN,21880.00000
GA,bibb county,2020,School District,437980051,0,39329078,0,0,1431378,221304592,0,173088426,0,1857707,4982549,174036847,6989699,132469651,24175531,294303215,0,0,0,318478746,GA-611,Bibb County,Macon,21812.00000
NC,public schools of robeson county,2020,School District,335990079,0,11663093,0,0,0,85670459,0,225729260,313666,12927267,11891789,192936180,0,22596597,2054701,225369865,0,0,0,227424566,NC-780,Robeson County,Lumberton,21783.00000
TX,pearland isd,2020,School District,649289268,482354449,38305166,0,0,0,57992918,0,70636735,0,0,8498302,25783688,462194,206201891,-354639,241300714,0,0,0,240946075,TX-020908,Brazoria County,PEARLAND,21760.00000
CA,antelope valley union high,2020,School District,441229517,70373735,27602136,0,0,0,268843140,0,72233340,0,2177166,4322558,67231780,0,263470175,-15118649,350143162,0,0,0,335024513,CA-1964246,Los Angeles County,Lancaster,21756.00000
CA,colton joint unified,2020,School District,641122869,231085092,47888235,7305063,0,0,277340291,0,65128843,0,2225880,2432283,47163736,8371720,260949546,-9858434,328775719,0,0,0,318917285,CA-3667686,San Bernardino County,Colton,21469.00000
OH,akron city,2020,School District,541155780,0,110043923,0,0,0,364023183,0,33941669,21362474,33147005,9590152,76631143,835240,318969429,-39880103,445906067,0,0,0,406025964,OH-043489,Summit County,Akron,21298.00000
MO,rockwood r-vi,2020,School District,520807256,212475283,22178082,8494614,0,0,213531715,0,54539929,0,6170769,21459904,12705828,0,260090000,-19544454,313800186,0,0,0,294255732,MO-096091,St. Louis County,EUREKA,21216.00000
CA,lake elsinore unified,2020,School District,430520513,111658092,20727778,29652,0,0,257975195,0,32518811,0,1089791,1909974,75902248,0,238209916,3802135,312220003,0,259689,0,316022138,CA-3375176,Riverside County,Lake Elsinore,21065.00000
TX,houston isd,2020,School District,4918438580,2866660263,441644690,52603995,0,178925000,594268532,0,716497750,0,50540164,7801272,656933298,0,2216415982,173814549,2707336003,0,0,0,2881150552,TX-101912,Harris County,HOUSTON,210061.00000
CA,san marcos unified,2020,School District,878197161,522364973,24435949,6619812,0,0,221390075,0,100470461,0,1781072,5620253,33408123,92145,236938242,-31746947,307805710,2219126,27441,0,276058763,CA-3773791,San Diego County,San Marcos,20873.00000
CA,redlands unified,2020,School District,419273123,73496588,39668543,0,0,0,242099533,0,57814253,0,1194206,2191951,52517446,10420,223722267,-20440432,298882516,0,0,0,278442084,CA-3667843,San Bernardino County,Redlands,20826.00000
MI,dearborn city,2020,School District,983096938,141699680,54801150,0,0,213792,645157962,0,139681927,0,441589,31790472,103327265,0,274262202,-23722584,433102523,0,0,0,409379939,MI-82030,Wayne County,DEARBORN,20614.00000
CA,compton unified,2020,School District,721706863,289799868,93205494,0,0,0,261128584,0,40542284,0,1804363,827696,63151215,0,267258149,-4473569,335710629,7212747,179191,0,331237060,CA-1973437,Los Angeles County,Compton,20400.00000
CA,vista unified,2020,School District,518002565,158632641,26525297,734364,28000,0,279916757,0,38421966,0,1795394,4329466,53111739,233,238717819,-28113394,324272651,6697014,27227,0,296159257,CA-3768452,San Diego County,Vista,20338.00000
CA,abc unified,2020,School District,461481633,132469033,32870530,0,0,0,246015588,0,48286720,0,1321458,2391763,52138755,0,218222698,-557844,273311060,0,0,0,272753216,CA-1964212,Los Angeles County,Cerritos,20269.00000
WI,green bay area public,2020,School District,139054995,50413347,15179510,0,0,2720000,30948836,0,29142884,0,10650418,6145459,50861065,0,272912195,24825632,305093087,0,0,0,329918719,WI-2289,Brown County,Green Bay,20248.00000
CA,newport-mesa unified,2020,School District,841014086,346066856,26407237,65197,1285716,0,327110779,0,121470255,0,4609951,3530735,56322602,425201,339142327,-17567136,416988001,0,0,0,399420865,CA-3066597,Orange County,Costa Mesa,20173.00000
CA,ontario-montclair,2020,School District,513149402,128843734,40892036,0,0,0,289947474,0,49687005,0,2962002,2092502,68980751,21459,239330729,-18987343,329412784,0,1406074,0,310425441,CA-3667819,San Bernardino County,Ontario,20147.00000
CA,madera unified,2020,School District,93277876,0,10714413,234831,0,0,42901641,0,18780601,0,271696,6586152,34682514,0,22765802,5029399,59005069,0,0,0,64034468,CA-2065243,Madera County,Madera,20119.00000
CA,val verde unified,2020,School District,632287194,199284024,100804466,0,0,0,249453551,0,6483421,0,1,1963790,242022225,800508,285089583,468983,529407123,0,0,0,529876106,CA-3375242,Riverside County,Perris,19940.00000
CA,hayward unified,2020,School District,1112664784,595020670,36238163,2927432,0,0,311202358,0,153302774,0,2043387,3668660,61270491,1774,264997986,-17398843,347337754,0,0,0,329938911,CA-0161192,Alameda County,Hayward,19802.00000
CO,27j,2020,School District,630297514,374842094,24631984,0,0,0,212553909,0,10447896,0,3427027,8137719,19003996,0,201558045,48417269,180282491,951413,0,0,228699760,CO-0040,Adams County,BRIGHTON,19275.00000
CA,pajaro valley unified,2020,School District,617622860,204475581,25119065,0,0,0,262511358,0,105830065,0,1643474,666652,84516756,0,232198749,-47133214,364515371,4360771,0,0,317382157,CA-4469799,Santa Cruz County,Watsonville,19249.00000
CA,jurupa unified,2020,School District,599299531,215447347,32172887,3450000,22662349,0,246976247,0,69783629,0,4278957,2361688,40081822,8385,234414390,-8036037,284902322,0,0,0,276866285,CA-3367090,Riverside County,Jurupa Valley,19089.00000
CA,conejo valley unified,2020,School District,349165650,99753061,13179029,0,0,0,210032348,0,20149733,0,820170,2058364,25646216,0,191378192,-3401200,222483972,1640998,0,0,219082772,CA-5673759,Ventura County,Thousand Oaks,18345.00000
TX,tomball isd,2020,School District,804439466,657380053,44765470,0,0,0,47449886,0,54554847,0,0,6175183,25184900,0,182897460,8201473,206056070,0,0,0,214257543,TX-101921,Harris County,TOMBALL,18294.00000
TX,tyler isd,2020,School District,589788501,446427957,24259664,0,0,0,53026770,0,65375966,0,698144,3195856,41878270,0,190107943,14892030,220290039,0,0,0,235182069,TX-212905,Smith County,TYLER,18260.00000
MO,lee's summit r-vii,2020,School District,0,122257000,0,26225679,0,0,0,0,0,0,8445155,12635470,17294752,364649,224078068,-6958368,261331307,0,0,0,254372939,MO-048071,Jackson County,LEE'S SUMMIT,18220.00000
CA,alvord unified,2020,School District,609963087,269387189,23448506,3012570,0,0,248110436,0,53177114,0,1233054,1163518,41404386,0,224807446,-19484993,286860343,8375863,0,0,267375350,CA-3366977,Riverside County,Corona,18170.00000
TX,beaumont isd,2020,School District,473347035,315990953,36939341,0,7145912,0,46931929,0,64287844,0,2051056,10711623,53916301,0,191652533,15447336,240833121,0,0,0,256280457,TX-123910,Jefferson County,BEAUMONT,18162.00000
MD,st. mary's county public schools,2020,School District,468809082,0,30628326,1155840,0,0,13253801,0,418344770,0,5217629,2883483,50051880,16321397,208561978,-11685319,289504057,0,0,0,277818738,MD-18,St. Mary's County,Leonardtown,18083.00000
MI,ann arbor public schools,2020,School District,931210609,291349675,36788838,0,0,0,492622188,0,106009015,0,4278979,5756377,89702806,0,222860755,-33001656,351321594,0,0,0,318319938,MI-81010,Washtenaw County,ANN ARBOR,18073.00000
CA,hacienda la puente unified,2020,School District,525142762,138978298,32663943,15523531,0,0,255933080,0,46458574,0,4534739,2743286,67154222,0,225254372,15041106,280110774,0,0,0,295151880,CA-1973445,Los Angeles County,City Of Industry,17826.00000
MO,wentzville r-iv,2020,School District,5997388,331897885,5997388,4902000,0,0,158684661,0,0,0,0,7853521,94589009,3073831,131975473,-74911420,312403254,0,0,0,237491834,MO-092089,St. Charles County,WENTZVILLE,17736.00000
CA,coachella valley unified,2020,School District,688037933,290001201,23096764,23870368,0,0,254362829,0,71499005,0,3096057,2187406,66720174,839349,232994912,-8160723,310902564,0,0,0,302741841,CA-3373676,Riverside County,Thermal,17657.00000
WI,racine unified,2020,School District,222060815,100895887,28403364,1998288,0,7860000,4344288,0,77866623,0,692365,1913401,62345726,0,251341557,12495839,303104845,0,0,0,315600684,WI-4620,Racine County,Racine,17529.00000
MO,francis howell r-iii,2020,School District,341802428,96535798,11248088,11875457,0,0,171099328,0,46477963,0,4565794,12033915,20084562,2628867,195122017,-6393179,236262540,0,0,0,229869361,MO-092088,St. Charles County,ST CHARLES,17519.00000
KY,warren county,2020,School District,298527399,191171163,8338464,0,0,0,49623123,0,42841527,0,6553122,1814122,27527679,4895623,108548447,8205435,134580436,0,0,0,142785871,KY-114571000,Warren County,Bowling Green,17508.00000
CA,napa valley unified,2020,School District,881038766,557896601,23758361,0,0,0,220337925,0,72216817,0,2249731,4258984,31106327,2358,213250015,-10150050,258767734,0,0,0,248617684,CA-2866266,Napa County,Napa,17394.00000
MI,plymouth-canton community schools,2020,School District,752961443,291997703,31095608,0,0,0,351560054,0,76540207,0,0,6907740,49081435,0,167112232,-10089556,233190963,0,0,0,223101407,MI-82100,Wayne County,PLYMOUTH,17346.00000
TX,wylie isd,2020,School District,716699413,574164477,39538543,2689207,0,0,45444297,0,53814949,0,1047938,4217847,19432531,0,189653472,935793,212368057,0,0,0,213303850,TX-043914,Collin County,WYLIE,17230.00000
CA,oceanside unified,2020,School District,563485571,297506358,23818228,0,0,0,214704447,0,18515957,0,1475261,4690103,32867265,0,207121431,-6260123,250938922,2122737,83171,0,244678799,CA-3773569,San Diego County,Oceanside,17223.00000
MO,hazelwood,2020,School District,7593638,195062541,7593638,0,0,0,0,0,0,0,0,2526387,24131595,22447,192796399,-65414940,284891768,0,0,0,219476828,MO-096088,St. Louis County,FLORISSANT,17202.00000
TX,weslaco isd,2020,School District,227410985,40775000,20767662,0,0,26653000,56505242,0,71268618,0,0,5222807,53350814,0,153787698,-4264397,216625716,0,0,0,212361319,TX-108913,Hidalgo County,WESLACO,17164.00000
TX,rockwall isd,2020,School District,738819216,605275422,43734777,0,0,0,39811495,0,49997522,0,0,7166230,30853712,0,178580707,-7540232,224140881,0,0,0,216600649,TX-199901,Rockwall County,ROCKWALL,17007.00000
CA,santa maria-bonita,2020,School District,307092825,48026648,17736947,0,0,0,192276513,0,18367970,0,157993,3556975,44925527,5165581,202654986,6729727,249573342,0,0,0,256303069,CA-4269120,Santa Barbara County,Santa Maria,16959.00000
IN,perry township schools,2020,School District,154193302,118891373,16610386,194602,0,0,17706879,2552723,0,0,790062,2891566,33143244,462061,184513091,21778212,199231750,0,0,0,221009962,IN-5340,Marion County,Indianapolis,16938.00000
CA,norwalk-la mirada unified,2020,School District,654935270,320954696,33503542,84000,0,0,253067278,0,30147368,0,3029431,1981576,54108738,0,229343947,-12844100,298278361,0,0,0,285434261,CA-1964840,Los Angeles County,Norwalk,16930.00000
TX,prosper isd,2020,School District,1153747203,1028032541,38499601,0,5525000,0,39059118,0,42630943,0,0,10018869,15252208,0,207873707,842826,232301958,0,0,0,233144784,TX-043912,Collin County,PROSPER,16857.00000
CA,oxnard union high,2020,School District,665215034,268799135,27783211,8662000,0,0,200432031,0,139618593,0,1734346,884288,40679517,0,246350006,16114541,271799270,0,0,0,287913811,CA-5672546,Ventura County,Oxnard,16839.00000
CA,grossmont union high,2020,School District,1085175517,743816193,42903911,2153852,0,0,237963474,0,55176487,0,3161600,3188966,56458402,3588582,247110071,-9927542,320273563,5145565,455370,0,310346021,CA-3768130,San Diego County,La Mesa,16789.00000
CA,cupertino union,2020,School District,562739965,303751204,28016913,528069,0,0,228496000,0,0,0,1947779,4210544,30267249,0,185272154,-29196137,248946084,1362951,0,0,219749947,CA-4369419,Santa Clara County,Cupertino,16718.00000
NJ,edison township,2020,School District,68499675,1550132,8012809,2630926,0,0,51926710,0,0,0,4379098,1952269,60586334,0,259106688,8617595,313027696,195226953,240757988,0,435984941,NJ-231290,Middlesex County,Edison,16712.00000
IN,carmel clay schools,2020,School District,209676874,168460984,10895103,0,0,0,10567280,2676887,19330226,0,423281,6883579,18432338,0,195544435,13245179,207615173,25613619,775150,0,220860352,IN-3060,Hamilton County,Carmel,16664.00000
OH,dublin city,2020,School District,551071028,216958861,34149538,0,0,0,258514738,0,21211881,15550385,20236010,5175861,14086554,0,190899337,-48576875,258738627,0,0,0,210161752,OH-047027,Franklin County,Dublin,16624.00000
TX,abilene isd,2020,School District,396914644,254923660,23855798,359217,0,5515000,49216226,0,62505269,0,539474,3845647,40267891,275828,151482456,-12648072,208519894,755975,9392,0,195871822,TX-221901,Taylor County,ABILENE,16612.00000
MD,montgomery county public schools,2020,School District,3663139490,0,261611378,74576053,0,0,554333453,0,2616173765,0,156444841,28123187,151809484,67993188,2947141765,101232724,3093834900,0,0,0,3195067624,MD-15,Montgomery County,Rockville,165267.00000
OH,hilliard city,2020,School District,448214577,144853586,30257067,0,0,0,238649511,0,17936209,14561335,16518204,6865407,11522746,109082,176592252,-54346227,249435714,0,0,0,195089487,OH-047019,Franklin County,Columbus,16519.00000
CA,simi valley unified,2020,School District,523797957,272246144,27815835,268414,0,0,186738841,0,24115273,0,876673,3928368,40063408,2112157,177279553,-11594757,234978243,3761767,0,0,223383486,CA-5672603,Ventura County,Simi Valley,16510.00000
OH,lakota local,2020,School District,0,14436583,0,0,0,0,12190494,0,1509349,649695,0,165217,37508,0,15863419,1252868,14813276,0,0,0,16066144,OH-046110,Butler County,Liberty Township,16475.00000
CA,cajon valley union,2020,School District,492070010,194606804,16950009,17849424,0,0,210664146,0,49900221,0,2099406,5345132,40322801,0,193709977,-4951004,244328914,22458977,109521,0,239377910,CA-3767991,San Diego County,El Cajon,16419.00000
CA,anaheim elementary,2020,School District,639162084,312277280,29521973,0,0,0,228290256,0,60121971,0,895547,1433660,33713767,5641806,219415727,-15282127,275487087,26071404,65271,0,260204960,CA-3066423,Orange County,Anaheim,16374.00000
CA,antioch unified,2020,School District,399281924,129699682,22560406,0,0,0,188830000,0,46121993,0,1839843,3598428,37207234,11979,185239092,-12968521,239025254,0,0,0,226056733,CA-0761648,Contra Costa County,Antioch,16293.00000
CA,alhambra unified,2020,School District,658683070,231142770,37794091,787855,0,0,223855495,0,159882460,0,1849294,4911100,95482566,8726,194405150,-22308618,317116160,35746371,1506839,0,294807542,CA-1975713,Los Angeles County,Alhambra,16278.00000
CA,salinas union high,2020,School District,426664978,147210800,22125090,17944419,0,0,194838451,0,42628281,0,1917937,1769391,33346752,0,191205444,-14100096,240421683,0,0,0,226321587,CA-2766159,Monterey County,Salinas,16257.00000
CA,ventura unified,2020,School District,261835359,45861196,11261604,0,591653,0,190414823,0,12032945,0,1250138,3575146,41281813,0,172877137,-3468791,221202887,0,0,0,217734096,CA-5672652,Ventura County,Ventura,16236.00000
TX,bryan isd,2020,School District,320310019,197213025,14439971,0,2212755,0,46670165,0,58557245,0,7560,3170128,38971267,0,171970165,1216882,212894678,0,0,0,214111560,TX-021902,Brazos County,BRYAN,16167.00000
TX,new caney isd,2020,School District,676637969,541321495,20564452,0,0,0,54175721,0,60576301,0,0,3043843,33426310,0,181559850,-9694972,227724975,0,0,0,218030003,TX-170908,Montgomery County,NEW CANEY,16110.00000
WI,appleton area,2020,School District,62770908,20901729,21352127,0,0,2750000,0,20153737,15785357,0,1981695,15229269,25231409,0,178752145,25628051,193584772,0,0,0,219212823,WI-0147,Outagamie County,Appleton,16081.00000
MD,calvert county public schools,2020,School District,115310903,0,25727587,0,0,0,13833267,0,71778482,0,3971567,702862,6872602,14226892,245007865,19060578,247749643,0,0,0,266810221,MD-04,Calvert County,Prince Frederick,16022.00000
TX,crowley isd,2020,School District,781341215,591173656,47373299,0,34756825,0,51465800,0,56571635,0,0,1859877,40096018,0,184989330,-420054,227365279,0,0,0,226945225,TX-220912,Tarrant County,CROWLEY,15996.00000
NC,randolph county school system,2020,School District,247098195,0,7639087,0,0,0,61737294,0,165982005,227375,10236201,3738888,122981322,1521243,39575098,9188747,158627804,0,0,0,167816551,NC-760,Randolph County,Asheboro,15971.00000
CA,pasadena unified,2020,School District,621175499,317046535,39283459,0,0,0,200091170,0,33003095,0,3174505,3108114,68282684,0,205141021,-2238286,278770105,0,0,0,276531819,CA-1964881,Los Angeles County,Pasadena,15951.00000
CA,huntington beach union high,2020,School District,582537299,217515366,24446927,0,0,0,199270454,0,55613829,0,2989837,4766012,65875954,10373,193323731,-9889674,273865744,0,0,0,263976070,CA-3066548,Orange County,Huntington Beach,15894.00000
CA,central unified,2020,School District,461850778,174808196,35414603,1659912,0,0,170541000,0,36787672,0,822273,30544990,38258909,44619952,184076021,47589496,249910376,0,0,0,297499872,CA-1073965,Fresno County,Fresno,15841.00000
CA,oxnard,2020,School District,620741595,280230530,27002528,0,0,0,212662416,0,85180448,0,2240621,1369620,31664031,10973548,197132619,-10248942,251388760,0,0,0,241139818,CA-5672538,Ventura County,Oxnard,15730.00000
MI,chippewa valley schools,2020,School District,943198761,479180869,22295901,0,34703948,0,332029236,0,72776529,0,1570757,8368649,37448847,0,160662260,-15487114,221966870,0,0,0,206479756,MI-50080,Macomb County,CLINTON TOWNSHIP,15715.00000
WA,north thurston public schools,2020,School District,7272454,295625000,7272454,0,0,0,65702426,0,0,0,0,0,0,0,382542196,124712859,257829337,0,0,0,382542196,WA-34003,Thurston County,LACEY,15634.00000
TX,dallas isd,2020,School District,4757887523,2859273000,430163655,0,0,143340000,595195671,0,690114814,0,0,5147745,460333166,0,1857637384,137435291,2185683004,16355935,287165,0,2323118295,TX-057905,Dallas County,DALLAS,153861.00000
CA,santa clara unified,2020,School District,1487421077,1098930870,35748752,0,0,0,316042000,0,17340798,0,1800657,11947115,62337111,0,405665669,80256783,399693112,0,0,0,479949895,CA-4369674,Santa Clara County,Santa Clara,15306.00000
NJ,toms river regional,2020,School District,314453023,199849251,22485001,5499732,0,548502,67617356,0,2850359,0,14886747,3361334,50850397,0,241756798,14038768,281929761,1306428,2106815,0,295968529,NJ-295190,Ocean County,Toms River,15305.00000
KY,hardin county,2020,School District,283225923,171357905,6820371,0,0,0,56816171,0,44782664,0,3448812,2163214,25144909,6147969,91003463,-4213433,128672988,0,0,0,124459555,KY-047231000,Hardin County,Elizabethtown,15288.00000
CA,burbank unified,2020,School District,469799382,183201594,10536380,17029655,0,0,187587975,0,69578410,0,1865368,7189127,38890660,0,160148532,-15413793,221642112,0,0,0,206228319,CA-1964337,Los Angeles County,Burbank,15182.00000
OH,westerville city,2020,School District,463024696,148125000,27532736,39615533,0,2855000,199286367,0,14772828,12149557,17543536,5740586,23271938,691755,149845713,-48843322,228393314,0,0,0,179549992,OH-045047,Franklin County,Westerville,15174.00000
TX,waco isd,2020,School District,281304908,158445378,15969182,0,0,0,48636619,0,58253729,0,0,5251981,45063392,0,160890326,-596835,211802534,0,0,0,211205699,TX-161914,McLennan County,WACO,14899.00000
CA,pleasanton unified,2020,School District,401061788,159567585,24251117,0,0,0,183538595,0,32991983,0,712508,7484156,48223655,-2715761,164359429,-7843287,225194766,0,0,0,217351479,CA-0175101,Alameda County,Pleasanton,14878.00000
MO,independence 30,2020,School District,8138617,162505000,8138617,14485000,0,0,127702925,0,0,0,0,5149904,32858628,591513,156083933,-47102161,241786139,0,0,0,194683978,MO-048077,Jackson County,INDEPENDENCE,14711.00000
KY,kenton county,2020,School District,283033426,171365131,6501181,7136890,0,0,53235083,0,43190009,0,1605132,1936427,9895966,5637282,151008163,-887884,169365722,0,0,0,168477838,KY-059291000,Kenton County,Fort Wright,14602.00000
TX,san angelo isd,2020,School District,209696721,111531211,12245907,412718,0,0,37329639,0,47510702,0,666544,5188684,25918571,0,128814461,-2320157,162241873,233124,0,0,159921716,TX-226903,Tom Green County,SAN ANGELO,14574.00000
MI,grand rapids public schools,2020,School District,779499314,244317789,45587273,0,0,0,399661878,0,85920837,0,3791944,6769384,90429562,2046122,152172627,-15828761,267246456,0,0,0,251417695,MI-41010,Kent County,Grand Rapids,14557.00000
CA,ceres unified,2020,School District,348465784,103276823,18955270,2578329,0,0,190281847,0,22717419,0,768593,3211964,31819066,0,177318378,-13818148,226167556,0,0,0,212349408,CA-5071043,Stanislaus County,Ceres,14522.00000
CA,porterville unified,2020,School District,313936008,33347585,17998730,0,0,0,172766882,0,64049545,0,673356,690295,43995636,3082078,177241889,15216408,209793490,0,135037,0,225009898,CA-5475523,Tulare County,Porterville,14514.00000
TX,eagle pass isd,2020,School District,164282310,39445000,15220115,0,0,6887000,43013962,0,54653595,0,474971,689458,28921489,0,149422981,-8571712,187605640,0,0,0,179033928,TX-159901,Maverick County,EAGLE PASS,14500.00000
TX,donna isd,2020,School District,195647370,65764569,12551772,2109211,0,5099777,47183875,0,62533988,0,404178,342500,32312180,0,158579271,3585072,187648879,0,0,0,191233951,TX-108902,Hidalgo County,DONNA,14400.00000
CA,paramount unified,2020,School District,515066370,199559819,36527515,0,0,0,205589456,0,48356828,0,2672752,101822,39079535,0,195640112,-7933263,242754732,0,0,0,234821469,CA-1964873,Los Angeles County,Paramount,14336.00000
TX,grapevine-colleyville isd,2020,School District,694244964,515322754,83946553,0,0,0,42889132,0,51649098,0,411700,7793229,21671127,0,237512784,12051623,254925517,828232,12459,0,266977140,TX-220906,Tarrant County,GRAPEVINE,14234.00000
GA,walton county,2020,School District,289593567,34465981,27016262,81900,0,0,133986359,0,92882715,0,1130350,3402201,94468856,3853345,74227607,8910271,167041738,0,0,0,175952009,GA-747,Walton County,Monroe,14208.00000
TX,wichita falls isd,2020,School District,191200362,75492481,24434731,1737845,0,6180000,33597439,0,48344019,0,1031847,2185284,46059464,0,122877591,-2613252,173735591,0,0,0,171122339,TX-243905,Wichita County,WICHITA FALLS,14091.00000
CA,turlock unified,2020,School District,330852359,99120130,19376113,1030402,0,0,183427123,0,22397447,0,313368,5990870,30336190,0,161277895,-6558997,204163952,0,0,0,197604955,CA-5075739,Stanislaus County,Turlock,14021.00000
MI,livonia public schools,2020,School District,671215623,198859449,25205681,0,0,0,365547134,0,78751350,0,2852009,5385362,65269293,0,139887388,-9212530,219754573,20570421,0,0,210542043,MI-82095,Wayne County,LIVONIA,13959.00000
NJ,woodbridge township,2020,School District,178304018,111282797,7207997,599682,0,0,39557824,0,0,0,19655718,2490985,10710028,0,281320315,-8891552,303412880,0,0,0,294521328,NJ-235850,Middlesex County,WOODBRIDGE,13949.00000
TX,college station isd,2020,School District,428280900,328118277,11316964,0,0,0,37225409,0,50022511,0,881304,4337188,25391540,0,140205455,-7995512,177929695,0,0,0,169934183,TX-021901,Brazos County,COLLEGE STATION,13936.00000
GA,dougherty county,2020,School District,311393829,28010029,23059154,592013,0,0,144017238,0,114426957,0,1288435,1890979,117398469,5770344,76778017,10093957,191743852,0,0,0,201837809,GA-647,Dougherty County,Albany,13882.00000
TX,southwest isd,2020,School District,422421829,310146685,15873338,0,0,0,44794619,0,51607187,0,0,2182180,22010945,0,169055270,-24727,193273122,0,0,0,193248395,TX-015912,Bexar County,SAN ANTONIO,13864.00000
TX,victoria isd,2020,School District,221863369,119093675,14940359,0,0,0,38240605,0,49588730,0,0,2930048,28519029,0,126352022,2873981,154927118,30324,0,0,157801099,TX-235902,Victoria County,VICTORIA,13846.00000
CA,walnut valley unified,2020,School District,383163030,179161898,20192393,0,0,0,155222323,0,27132460,0,1453956,3126487,27553847,0,148625456,-8389411,187695201,0,0,0,179305790,CA-1973460,Los Angeles County,Walnut,13798.00000
CA,natomas unified,2020,School District,584023571,299260983,49813121,167091,16177517,0,153625108,0,22529341,0,174683,7034288,38048700,8485250,164893240,1423887,217037591,0,0,0,218461478,CA-3475283,Sacramento County,Sacramento,13767.00000
CA,livermore valley joint unified,2020,School District,424999997,234566728,16373390,202399,0,0,166923278,0,5861458,0,1072744,3474309,23744528,0,150905273,-7153911,185278021,0,0,0,178124110,CA-0161200,Alameda County,Livermore,13722.00000
TX,harlandale isd,2020,School District,353507843,210219103,28684272,0,0,0,52539928,0,61271618,0,792922,1993382,45111237,0,136206222,-6156684,189467525,535456,0,0,183310841,TX-015904,Bexar County,SAN ANTONIO,13666.00000
CA,fullerton joint union high,2020,School District,478399823,214425928,23520225,378501,0,0,153697264,0,64865907,0,1951185,1156309,28965096,4106,163355696,-5993892,199475099,0,0,0,193481207,CA-3066514,Orange County,Fullerton,13630.00000
CA,santa barbara unified,2020,School District,545462538,335220010,14199147,1250124,0,0,186505629,0,6008981,0,2278647,5504200,37016234,3877447,176049930,-6676079,229123890,0,0,0,222447811,CA-4276786,Santa Barbara County,Santa Barbara,13490.00000
MI,warren consolidated schools,2020,School District,692187274,226465331,31254227,128005,0,0,347888502,0,84538919,0,1370000,3248107,45500940,0,142058904,-17827104,208635055,0,0,0,190807951,MI-50230,Macomb County,WARREN,13452.00000
KY,bullitt county,2020,School District,248549775,157552874,5091043,563850,0,0,45252578,0,38933360,0,1071208,1402934,16653086,4466317,85945928,-3673235,112141500,0,0,0,108468265,KY-015071000,Bullitt County,Shepherdsville,13330.00000
AK,fairbanks north star borough,2020,School District,155937883,0,3867149,0,0,0,138139136,0,2145258,0,5247290,1255280,15269536,425737,183794284,15628383,185116454,0,0,0,200744837,AK-16,Fairbanks North Star Borough,Fairbanks,13319.00000
CA,apple valley unified,2020,School District,223093456,27507816,22091317,0,0,0,157585847,0,12313234,0,145242,1044388,25922380,0,143103132,-12015468,182085368,0,0,0,170069900,CA-3675077,San Bernardino County,Apple Valley,13303.00000
TX,magnolia isd,2020,School District,261322910,174345717,5169483,0,0,0,38136687,0,43671023,0,0,1319595,10715315,0,154024366,6271564,159787712,0,0,0,166059276,TX-170906,Montgomery County,MAGNOLIA,13290.00000
GA,glynn county,2020,School District,273611657,8952364,17878457,0,0,0,143205640,0,99483411,0,2828431,1178123,81522410,4257941,104480977,17428259,174011192,0,0,0,191439451,GA-663,Glynn County,Brunswick,13287.00000
NH,manchester,2020,School District,228567614,0,24745978,0,0,2800000,164157400,0,26139906,0,10724330,6469483,24729027,4287923,172950397,10685250,197751580,0,0,0,208436830,NH-335,Hillsborough County,Manchester,13255.00000
CA,lynwood unified,2020,School District,375599752,100717498,36748290,0,0,0,183837368,0,26562757,0,2059660,226763,44316546,0,167927772,-27123500,239594581,0,0,0,212471081,CA-1964774,Los Angeles County,Lynwood,13245.00000
TX,coppell isd,2020,School District,558502752,466170125,14902293,0,0,0,37026811,0,40403523,0,0,5505163,18966311,0,182068753,-14699725,221239952,0,0,0,206540227,TX-057922,Dallas County,COPPELL,13218.00000
CA,san dieguito union high,2020,School District,680325342,472978014,14081803,593613,256936,0,157414325,0,32695587,0,2305064,2782637,15557919,15643201,155546579,-4844941,194375277,988060,71052,0,189530336,CA-3768346,San Diego County,Encinitas,13177.00000
MI,troy,2020,School District,539795961,152994510,23116455,0,0,0,291719442,0,64235041,0,7575513,5922516,36975323,0,149504232,-16222806,208624877,0,0,0,192402071,MI-63150,Oakland County,TROY,13140.00000
CA,rowland unified,2020,School District,525163617,266689684,22641895,80179,0,0,179921718,0,50644874,0,879392,2314285,33356787,0,187502436,7997196,215176312,21636584,497552,0,223173508,CA-1973452,Los Angeles County,Rowland Heights,13071.00000
NM,santa fe public schools,2020,School District,496981729,221519373,17981337,0,0,0,199849080,0,56048256,0,1583683,1012191,25561508,1112919,170369988,55193545,142863061,0,0,0,198056606,NM-071,Santa Fe County,SANTA FE,12979.00000
GA,effingham county,2020,School District,233971184,11713936,21203067,0,0,0,124012720,0,77041461,0,0,1626371,84357352,2882110,63213407,3027703,149051538,0,0,0,152079241,GA-651,Effingham County,Springfield,12966.00000
KY,oldham county,2020,School District,236141051,144700514,6782183,0,0,0,45006562,0,38177576,0,1474216,5963111,39019899,179322,110143915,284039,155022208,0,0,0,155306247,KY-093465000,Oldham County,Crestwood,12941.00000
CA,vacaville unified,2020,School District,436322632,241795000,23107328,0,0,0,133741213,0,17915436,0,828835,3771114,23123715,0,140182391,8211419,158865801,0,0,0,167077220,CA-4870573,Solano County,Vacaville,12886.00000
MI,kalamazoo public schools,2020,School District,592784333,200358498,31333478,0,0,5262841,291073635,0,63255898,0,1117378,1056270,69753460,0,124923110,-12871215,208604055,0,0,0,195732840,MI-39010,Kalamazoo County,Kalamazoo,12878.00000
CA,victor elementary,2020,School District,283368225,75796241,19938475,0,0,0,132724948,0,54023322,0,885239,1021251,24860987,10722489,156137369,4029935,188712161,0,0,0,192742096,CA-3667918,San Bernardino County,Victorville,12848.00000
TX,burleson isd,2020,School District,467965660,372214735,21837954,320503,0,0,33480793,0,39330928,0,574641,5926447,18135923,0,145795057,7990826,161866601,0,0,0,169857427,TX-126902,Johnson County,BURLESON,12810.00000
TX,deer park isd,2020,School District,424948824,308685533,25117491,0,0,0,42079055,0,49014085,0,52660,3941293,25064606,0,169548883,6818944,191735838,1186967,108788,0,198554782,TX-101908,Harris County,DEER PARK,12766.00000
CA,sanger unified,2020,School District,400311220,190252442,22624681,6495813,0,0,144187713,0,13725781,0,673762,752072,27774333,4521309,155238509,7726543,180559680,0,0,0,188286223,CA-1062414,Fresno County,Sanger,12641.00000
CA,dublin unified,2020,School District,752782610,598905754,23298856,0,0,0,130578000,0,0,0,0,6681172,24393908,28232500,148919412,34525400,173701592,0,0,0,208226992,CA-0175093,Alameda County,Dublin,12575.00000
WI,waukesha,2020,School District,107593922,0,11840366,0,0,51618523,1139525,17839799,42147134,0,848374,11081832,27433734,0,142271743,20859690,159927619,0,0,0,180787309,WI-6174,Waukesha County,Waukesha,12523.00000
OH,dayton city,2020,School District,402586405,145055237,18478351,0,0,0,194241073,0,25542080,9837621,6128287,2960125,60811552,0,261658997,6533545,318897129,0,0,0,325430674,OH-043844,Montgomery County,Dayton,12446.00000
TX,duncanville isd,2020,School District,333447823,231460842,17739887,0,0,0,37368701,0,47040271,0,0,976856,34297691,0,132268476,-515431,168058454,0,0,0,167543023,TX-057907,Dallas County,DUNCANVILLE,12426.00000
CA,chico unified,2020,School District,391627979,179234772,24883446,0,0,2037609,145122808,0,39581503,0,767841,4495053,37390598,0,139827500,8899671,172813480,0,0,0,181713151,CA-0461424,Butte County,Chico,12362.00000
CA,yuba city unified,2020,School District,256307846,25654603,15001799,0,19948026,0,151022000,0,25551902,0,729516,239701,34538296,8372,146449487,-6803267,188039123,0,0,0,181235856,CA-5171464,Sutter County,Yuba City,12315.00000
TX,belton isd,2020,School District,350299350,261052195,20678514,2296015,0,0,27702785,0,38569841,0,0,3287540,25222861,0,120564248,-386524,149461173,0,0,0,149074649,TX-014903,Bell County,BELTON,12186.00000
TX,georgetown isd,2020,School District,605203852,491845525,38266300,0,0,0,32840293,0,42251734,0,0,3436990,22979786,0,153945415,-1316663,181678854,0,0,0,180362191,TX-246904,Williamson County,GEORGETOWN,12160.00000
CA,rocklin unified,2020,School District,342782577,176700393,12430938,0,0,0,132108000,0,6196,0,628050,4853602,21536441,0,137676882,1336434,162730491,0,0,0,164066925,CA-3175085,Placer County,Rocklin,12160.00000
TX,brazosport isd,2020,School District,500125530,372652649,20972081,0,0,4695000,47496966,0,54308834,0,0,2773664,20741762,28347,182023771,7438704,198128840,0,0,0,205567544,TX-020905,Brazoria County,FREEPORT,12158.00000
MO,park hill,2020,School District,0,161540000,0,0,0,0,114614769,0,0,0,0,8138417,14354783,0,153860494,-50316448,226670142,0,0,0,176353694,MO-083005,Platte County,KANSAS CITY,12138.00000
GA,troup county,2020,School District,248335710,0,19633037,0,0,18000000,113215177,0,96238411,0,1249085,4837600,86465789,1727355,62793137,2130317,153693564,0,0,0,155823881,GA-741,Troup County,LaGrange,12127.00000
CA,baldwin park unified,2020,School District,449964428,166643730,31061034,138301,0,0,209420223,0,29504815,0,464867,370469,60342308,0,169665495,-9993558,240371830,0,0,0,230378272,CA-1964287,Los Angeles County,Baldwin Park,12110.00000
KY,daviess county,2020,School District,210709782,115327520,10752952,0,0,0,44972522,0,35836243,0,3802197,6470076,14450659,4369917,116629958,-1141386,143061996,0,0,0,141920610,KY-030145000,Daviess County,Owensboro,12048.00000
KY,madison county,2020,School District,163864392,91625000,1736224,0,0,0,38151313,0,30977762,0,692550,523197,22825050,4737188,75565586,7369598,96281423,0,0,0,103651021,KY-073365000,Madison County,Richmond,12017.00000
TX,forney isd,2020,School District,516631512,423206300,24703626,792385,10928590,0,26248659,0,30751952,0,0,3048217,12072136,0,121251583,8843152,127528784,0,0,0,136371936,TX-129902,Kaufman County,FORNEY,11977.00000
CA,la mesa-spring valley,2020,School District,257366778,32725522,8201089,897573,0,0,153519086,0,49732494,0,1330185,6798920,22279068,0,121706041,-10762208,161546237,4110460,42834,0,150784029,CA-3768197,San Diego County,La Mesa,11798.00000
CA,vallejo city unified,2020,School District,362495790,100947148,18061590,149020,14370484,0,150587191,0,75757420,0,1854937,622206,38974191,0,147820036,2083991,185332442,0,0,0,187416433,CA-4870581,Solano County,Vallejo,11748.00000
CA,palo alto unified,2020,School District,701847899,360296631,29431642,0,18000000,0,269358230,0,23765293,0,996103,1973208,37448007,0,288287450,4940425,322768240,0,0,0,327708665,CA-4369641,Santa Clara County,Palo Alto,11745.00000
TX,cypress-fairbanks isd,2020,School District,4145823676,3135734455,228162072,0,0,0,354920841,0,416699640,0,6016638,37094567,218249236,0,1127340287,-50732057,1433416147,5846899,49428,0,1382684090,TX-101907,Harris County,HOUSTON,117446.00000
CA,covina-valley unified,2020,School District,439507964,222145205,39930090,5604351,0,0,153261035,0,13930296,0,1975000,6304460,96255474,0,140571259,-16019811,259151004,0,0,0,243131193,CA-1964436,Los Angeles County,Covina,11660.00000
TX,dickinson isd,2020,School District,405471978,319275374,7838742,0,0,0,35855315,0,41980199,0,4262,3186224,18870179,0,124957176,-9890828,156904407,0,0,0,147013579,TX-084901,Galveston County,DICKINSON,11655.00000
WI,eau claire area,2020,School District,150367248,55042770,15075229,952344,0,0,2227241,14137942,76755532,0,314132,4813941,17357022,409722,137965313,9263671,151282327,0,0,0,160545998,WI-1554,Eau Claire County,Eau Claire,11556.00000
CA,carlsbad unified,2020,School District,590799191,363077098,23107897,3400000,0,0,123096878,0,35604116,0,544218,2978344,23057596,105,132811460,4526762,154320743,1381242,37686,0,158847505,CA-3773551,San Diego County,Carlsbad,11481.00000
TX,hallsville isd,2020,School District,175534782,108825708,43105482,0,0,62626,9148166,0,14392800,0,0,5133920,8440517,0,101190718,8549443,106215712,0,0,0,114765155,TX-102904,Harrison County,HALLSVILLE,11462.00000
TX,bastrop isd,2020,School District,261970451,165194586,18097861,1860575,0,0,27819906,0,34295647,0,0,3070519,22129995,0,115810863,5155454,135855922,0,0,0,141011377,TX-011901,Bastrop County,BASTROP,11434.00000
CA,bellflower unified,2020,School District,256440205,83910675,35876081,0,0,0,134048179,0,621280,5228786,1983990,754737,46058415,154,130087135,-461207,177361648,0,0,0,176900441,CA-1964303,Los Angeles County,Bellflower,11405.00000
CA,pittsburg unified,2020,School District,557183490,319225134,20696745,0,4144616,0,143839475,0,47705795,0,1035408,766064,24770111,0,147165472,-22605076,195306723,0,0,0,172701647,CA-0761788,Contra Costa County,Pittsburg,11367.00000
MO,fox c-6,2020,School District,0,25369963,0,17966192,61085,0,105447504,0,0,0,0,7264675,12202526,0,109802048,92077,129177173,0,0,0,129269250,MO-050012,Jefferson County,ARNOLD,11326.00000
TX,clint isd,2020,School District,259752774,175870329,7488090,0,0,0,33218792,0,41013350,0,0,659045,42753698,0,109603307,-854686,153870736,0,0,0,153016050,TX-071901,El Paso County,EL PASO,11222.00000
CA,whittier union high,2020,School District,419497277,133483385,42700081,843756,0,3697826,171854756,0,65216386,0,1701087,7725592,66162597,0,151536418,-15594638,241019245,0,0,0,225424607,CA-1965128,Los Angeles County,Whittier,11221.00000
NJ,perth amboy public,2020,School District,130556891,0,3007620,0,0,0,74714175,0,41734778,0,11100318,466756,91667053,14215587,186993860,-2970158,296313414,0,0,0,293343256,NJ-234090,Middlesex County,Perth Amboy,11212.00000
GA,cobb county,2020,School District,2217236000,0,182092000,0,0,99260000,1158513000,0,755723000,0,13059000,67447000,687696000,26356000,736423000,52443000,1465479000,0,0,0,1517922000,GA-633,Cobb County,Marietta,112097.00000
CA,gilroy unified,2020,School District,452573323,281248116,7918279,0,0,0,132222286,0,0,0,132583,2581476,24718046,0,137057015,11544283,152812254,0,0,0,164356537,CA-4369484,Santa Clara County,Gilroy,11135.00000
TX,lake travis isd,2020,School District,493199432,424444926,14666448,0,0,0,23628295,0,29999529,0,460234,6175548,15166981,0,183512097,14994275,189860351,0,0,0,204854626,TX-227913,Travis County,AUSTIN,11085.00000
CA,los banos unified,2020,School District,241117117,67412911,12734838,0,0,0,128615653,0,9564533,0,1984182,3687234,28525235,29997752,128578992,23485699,167303514,0,0,0,190789213,CA-2465755,Merced County,Los Banos,11084.00000
CA,fremont union high,2020,School District,809849486,572835095,26463425,0,0,0,176211897,0,32611059,0,1728010,798628,27294857,0,212318330,14075476,226336339,0,0,0,240411815,CA-4369468,Santa Clara County,Sunnyvale,11071.00000
CA,new haven unified,2020,School District,521228576,335062889,16456284,0,0,0,145968452,0,22309709,0,1431242,1402000,30999441,0,132927241,2024556,163304126,1546215,0,0,165328682,CA-0161242,Alameda County,Union City,11047.00000
CA,palos verdes peninsula unified,2020,School District,281260039,84413637,12663609,0,0,0,142577086,0,39594898,0,950719,409836,17699635,35139,128203227,-12023797,158371634,0,0,0,146347837,CA-1964865,Los Angeles County,Palos Verdes Estates,11009.00000
TX,del valle isd,2020,School District,404811591,300019077,21886359,0,0,0,37453681,0,44470023,0,0,1377825,37088851,0,123909333,-8871624,171247633,0,79331378,0,162376009,TX-227910,Travis County,DEL VALLE,10968.00000
CA,las virgenes unified,2020,School District,358258215,179394789,12138507,0,0,0,128195073,0,27572222,0,967840,1900466,8899855,0,127301623,-6082131,144184075,0,0,0,138101944,CA-1964683,Los Angeles County,Calabasas,10886.00000
CA,perris union high,2020,School District,486431630,289088023,23731388,178497,0,0,131591073,0,644974,0,767675,3239010,29890298,3050774,144889541,5114782,175954841,0,0,0,181069623,CA-3367207,Riverside County,Perris,10853.00000
CA,victor valley union high,2020,School District,365722686,150510987,19649190,2053232,0,0,124424100,0,44794992,0,2409412,1380669,25518731,128917,150118950,-4954222,182101489,0,0,0,177147267,CA-3667934,San Bernardino County,Victorville,10820.00000
TX,northside isd,2020,School District,3032820362,2195401755,109812382,0,0,0,330423641,0,386107674,0,8629236,25232767,223764897,0,1073945416,25388214,1297554866,0,0,0,1322943080,TX-015915,Bexar County,SAN ANTONIO,107817.00000
CA,beaumont unified,2020,School District,268354022,113795874,20734951,0,7747701,0,112602185,0,12889273,0,584038,3889438,27793745,0,119395075,490897,150587361,0,0,0,151078258,CA-3366993,Riverside County,Beaumont,10769.00000
CA,merced union high,2020,School District,314447391,145856163,13928074,0,0,0,134052458,0,18318667,0,435225,1042833,24428442,0,165351848,4740639,186082484,0,0,0,190823123,CA-2465789,Merced County,Merced,10748.00000
OH,pickerington local,2020,School District,265007394,87168648,13644562,2414890,0,0,142753881,0,11320829,8583892,7704584,5919122,15290239,156272,124726172,-9234102,155325907,0,0,0,146091805,OH-046896,Fairfield County,Pickerington,10739.00000
NJ,freehold regional high,2020,School District,78272803,0,12162124,18070081,0,0,44931347,0,0,0,3109251,1997407,42772620,0,193602613,8879939,229492701,1334895,484773,0,238372640,NJ-251650,Monmouth County,Englishtown,10704.00000
OH,worthington city,2020,School District,351979708,138392763,20485015,0,0,1687375,166057096,0,14849199,9842794,10508260,4588115,8363507,0,116575451,-43549322,173076395,0,0,0,129527073,OH-045138,Franklin County,Worthington,10645.00000
CA,upland unified,2020,School District,314532527,140265323,17611278,0,0,0,119593923,0,36143575,0,918428,2326248,24394175,13,114262254,-13313565,154296255,0,0,0,140982690,CA-3675069,San Bernardino County,Upland,10580.00000
CA,roseville joint union high,2020,School District,370086423,229787801,14942455,1297246,0,0,123535000,0,0,0,523921,9492748,22628764,0,129817046,2379943,159558615,0,0,0,161938558,CA-3166928,Placer County,Roseville,10468.00000
OH,mason city,2020,School District,229826807,36903380,15557538,4045000,0,13421819,134223832,0,13431570,7712992,12243668,11311735,9600889,3991,121323368,-3624697,145864680,0,0,0,142239983,OH-050450,Warren County,Mason,10445.00000
CA,evergreen elementary,2020,School District,345935005,179109916,8986809,0,0,0,114982208,0,42488565,0,367507,925150,18086265,0,118163193,-2067236,139241844,0,0,0,137174608,CA-4369435,Santa Clara County,San Jose,10426.00000
TX,canyon isd,2020,School District,337702409,276784443,9205552,0,0,0,22590183,0,29122231,0,0,3221341,16774757,0,99236348,16093482,103138964,0,0,0,119232446,TX-191901,Randall County,CANYON,10381.00000
CA,santa monica-malibu unified,2020,School District,1129316939,829994477,55444208,0,0,0,175527355,0,53177843,0,1282302,6647563,53893206,0,190972233,8734996,242778006,0,0,0,251513002,CA-1964980,Los Angeles County,Santa Monica,10350.00000
CA,milpitas unified,2020,School District,347930832,179116278,12622774,0,0,0,128638000,0,14889480,0,626845,3902797,33378420,0,126640960,5276234,158645943,0,0,0,163922177,CA-4373387,Santa Clara County,Milpitas,10308.00000
MO,mehlville r-ix,2020,School District,0,0,0,12146934,0,0,0,0,0,0,2627892,7010570,21026280,9028,97480947,3959568,121567257,1111829515,30141817,0,1141971332,MO-096094,St. Louis County,ST LOUIS,10281.00000
TX,frenship isd,2020,School District,282574043,226010757,7383945,0,0,0,18145066,0,28391067,0,0,4682097,16667897,0,103933340,7437732,117845602,1150876,3168042,0,125283334,TX-152907,Lubbock County,WOLFFORTH,10269.00000
CA,lucia mar unified,2020,School District,312862209,140893509,11555956,18873822,0,0,121238890,0,17704181,0,1070851,733325,17689336,0,125251577,-1160070,144834308,0,0,0,143674238,CA-4068759,San Luis Obispo County,Arroyo Grande,10265.00000
CA,san diego unified,2020,School District,6421488110,4078135640,283424562,0,332868531,0,1449568000,0,135880213,0,38185704,23754584,395178069,5520180,1563459083,112237198,1875674718,0,0,0,1987911916,CA-3768338,San Diego County,San Diego,102270.00000
TX,sharyland isd,2020,School District,184378588,102374491,14020564,480408,0,3805000,27888239,0,35809886,0,0,2224240,23678775,0,103615089,-514491,130032595,0,0,0,129518104,TX-108911,Hidalgo County,MISSION,10180.00000
TX,east central isd,2020,School District,198192388,123647127,8872384,0,0,0,29698170,0,34287583,0,1687124,2855805,11013543,0,105124093,3141480,115851961,25003,3451,0,118993441,TX-015911,Bexar County,SAN ANTONIO,10146.00000
MI,l'anse creuse public schools,2020,School District,585962666,246086807,17589335,0,42536708,0,227876568,0,49112894,0,2561204,5363371,30023719,0,99171475,-6800187,141358752,0,0,0,134558565,MI-50140,Macomb County,Clinton Township,10144.00000
CA,san jacinto unified,2020,School District,270085370,68678657,12748611,3687449,0,0,125026706,0,11095826,0,102951,898052,29004181,26357,152500516,19628537,162800569,0,0,0,182429106,CA-3367249,Riverside County,San Jacinto,10142.00000
TX,sheldon isd,2020,School District,509537417,413356661,30847709,0,0,0,29746825,0,34850502,0,735720,966455,25383058,0,125130842,-2579064,154059419,0,0,0,151480355,TX-101924,Harris County,HOUSTON,10133.00000
CA,redondo beach unified,2020,School District,413943435,257058434,24990266,0,0,0,130411436,0,0,0,1483299,820439,15744623,0,123581641,-16559307,156706010,0,0,0,140146703,CA-1975341,Los Angeles County,Redondo Beach,10123.00000
GA,liberty county,2020,School District,186323005,0,17214448,5716283,0,0,99940483,0,62808227,0,643564,920249,70517303,3252091,56347979,-1303646,132341268,0,0,0,131037622,GA-689,Liberty County,Hinesville,10092.00000
NE,grand island public schools,2020,School District,100901613,100245000,0,95613,0,0,0,0,0,0,0,1029584,21030850,7417694,107241135,-4120456,140839719,0,0,0,136719263,NE-400002000,Hall County,GRAND ISLAND,10070.00000
WI,sheboygan area,2020,School District,62198503,40598085,7413003,0,0,5285000,0,14027128,4936457,1960246,748792,3930456,18422335,125646,125522287,10799980,137200744,0,0,0,148000724,WI-5271,Sheboygan County,Sheboygan,10058.00000
CA,bonita unified,2020,School District,292620639,137032906,6921395,190657,0,0,118206688,0,27504585,0,2135194,1019080,12029772,0,114743916,-25050684,152843452,0,0,0,127792768,CA-1964329,Los Angeles County,San Dimas,10039.00000
