state,county,year,category,total_liabilities,bonds_outstanding,current_liabilities,leases,loans_outstanding,notes_outstanding,net_pension_liability,net_pension_assets,net_opeb_liability,net_opeb_assets,compensated_absences,charges_for_services,operating_grants,capital_grants,general_revenue,change_in_net_position,expenses,total_operating_revenues,non_operating_revenues,capital_contributions,revenues,student
CA,Los Angeles County,2020,General Purpose,52768946000,2737062000,5617736000,148918000,0,384066000,11560668000,0,25921499000,0,2072486000,8065147000,12174881000,60658000,9153396000,1055567000,28398515000,1281573000,1285000,19356000,29454082000,1025446
TX,Harris County,2020,General Purpose,8947139580,4440922478,660408855,0,33287159,554942000,470596852,134778,2733774269,0,48806862,1153495162,278082673,401554423,2304193903,537805272,3599520889,0,0,0,4137326161,790935
CA,Orange County,2020,General Purpose,7044193000,620161000,890891000,31702000,387644000,34661000,4125372000,0,328412000,0,184050000,920286000,2505653000,141118000,1234935000,317280000,4484712000,120977000,25629000,0,4801992000,612604
FL,Orange County,2020,General Purpose,3034626323,1100980207,272763331,2068986,95610751,4275000,1287393180,0,42748723,171947,96177525,558927874,432065880,242654932,1496611587,185147739,2545112534,0,0,0,2730260273,612604
NC,Orange County,2020,General Purpose,521956039,141452563,20987117,0,813074,183306576,25520248,0,137190344,0,5550246,29177473,28718495,1256036,206861903,-53735079,319748986,0,0,0,266013907,612604
AZ,Maricopa County,2020,General Purpose,2834203888,0,553067960,20783850,31410428,0,1876917812,0,3209316,16637315,0,294561793,392453978,41902995,1770899097,273182882,2226634981,0,0,0,2499817863,480523
IA,Dallas County,2020,General Purpose,41463401,0,5221357,0,0,25455000,7475146,0,1688633,0,1530254,5300519,7241181,628208,35136561,7508695,40797774,0,0,0,48306469,454047
TX,Dallas County,2020,General Purpose,942867000,148618000,285802000,78424000,0,0,156475000,0,228011000,0,40641000,158892000,271858000,0,631682000,43764000,1018668000,0,0,0,1062432000,454047
IL,Cook County,2020,General Purpose,21176754633,2823221430,708751691,0,570036750,7521000,13580982590,0,1900989370,0,122331764,3118370000,738219342,138850239,2065761372,405671632,5655529321,2862471563,257597178,44788567,6061200953,409324
WA,Clark County,2020,General Purpose,217443583,64728814,41922062,4296328,13541052,0,34594809,9542131,25493325,0,15874101,107729232,110457476,33381791,209908352,125012081,336464770,7482984,558520,5903328,461476851,400876
NV,Clark County,2020,General Purpose,11263235204,5995657382,925452056,2385548,0,5400000,2971365931,0,683532382,0,303849498,1939388464,495664818,324744954,2386433924,375693990,4770538170,0,0,0,5146232160,400876
CA,Riverside County,2020,General Purpose,8461146000,2205402000,1486004000,371389000,0,84342000,3517404000,0,60350000,143000,279952000,1663165000,2291206000,32808000,1103865000,-854891000,5945935000,631853000,553000,355000,5091044000,387664
TN,Montgomery County,2020,General Purpose,351787448,285204759,6581156,13668505,7857894,7500000,0,4503133,21607460,0,4011096,78389329,9034081,6104352,143889802,30364629,207052935,0,0,0,237417564,359460
VA,Montgomery County,2020,General Purpose,218721352,172159920,24144928,0,500000,0,13083603,0,4227912,0,3488758,2944149,14789956,0,121110826,15299922,123545009,0,0,0,138844931,359460
OH,Montgomery County,2020,General Purpose,707900209,9722733,54779689,56667975,2715165,0,275674018,3069266,192563183,0,29766231,236852454,251124322,20289089,310255033,46064773,772456125,15826786,872431,0,818520898,359460
MD,Montgomery County,2020,General Purpose,6415638072,3588542269,808532471,2820000,0,604379284,106518934,0,825636740,0,92651456,739082234,259057362,71022023,4013545791,241377004,4841330406,0,0,0,5082707410,359460
TX,Montgomery County,2020,General Purpose,1112577123,648766931,150264813,10674041,0,0,24066035,0,253594793,0,15389794,143370975,81513686,65784276,265488545,12055257,544102225,0,0,0,556157482,359460
FL,Miami-Dade County,2020,General Purpose,27654208000,17236196000,1937708000,431062000,599543000,391345000,4414212000,0,692290000,0,823163000,4294642000,1324932000,445910000,3388422000,-605491000,10059397000,0,0,0,9453906000,347307
CA,San Diego County,2020,General Purpose,6570540000,1018893000,945099000,39300000,3201000,0,3790434000,0,106033000,0,128010000,646844000,3066604000,29828000,1562782000,129064000,5176994000,0,0,0,5306058000,343619
TX,Tarrant County,2020,General Purpose,908700000,250717000,186900000,71000,0,0,227323000,0,184230000,0,50367000,145642000,188415000,711000,481689000,99076000,717381000,3249000,28000,0,816457000,312005
CA,San Bernardino County,2020,General Purpose,4697075000,418164000,855666000,2646000,0,29126000,2236518000,0,8506000,0,244389000,1036006000,2633539000,25018000,1317168000,383389000,4628342000,0,0,0,5011731000,307409
CO,Jefferson County,2020,General Purpose,131834800,19169482,31926606,3236541,1839231,0,0,0,0,0,24568367,50010865,169323635,2488613,298411949,66208342,454026720,0,0,0,520235062,287060
AL,Jefferson County,2020,General Purpose,2965742000,0,191938000,8537000,0,2518608000,0,142088000,119964000,0,22339000,260979000,96682000,21483000,410070000,-14643000,803857000,0,0,0,789214000,287060
TX,Jefferson County,2020,General Purpose,382571796,38472633,13439960,0,0,0,52224482,0,262909828,0,12000201,29135440,19897011,1643237,124392527,-4055864,179124079,0,0,0,175068215,287060
TX,Bexar County,2020,General Purpose,3027051150,1673669329,121104482,0,0,0,117083764,0,216578397,0,50666275,89067688,102280291,94758101,583862696,-4727944,874696720,0,0,0,869968776,282244
FL,Broward County,2020,General Purpose,7728588000,4337017000,587100000,5348000,346895000,0,1835950000,0,315136000,0,140153000,1227079000,464132000,157655000,1811426000,619609000,3040683000,0,0,0,3660292000,269172
FL,Hillsborough County,2020,General Purpose,3229923000,1094461000,478744000,0,0,128963000,1266841000,0,116670000,0,60996000,661108000,180756000,107509000,1594531000,219427000,2324477000,283150000,20691000,47093000,2543904000,247642
TX,El Paso County,2020,General Purpose,422205749,165054091,51725969,0,4041146,0,108703516,0,48906739,0,36103511,57505746,39098782,699560,285012985,-1000356,383317429,0,0,0,382317073,242554
CO,El Paso County,2020,General Purpose,802181693,0,36876174,2986553,0,0,485244387,0,138991599,0,18442054,42054543,222571602,62341385,216814711,14710704,529071537,0,0,0,543782241,242554
CA,Sacramento County,2020,General Purpose,67797303,0,7840107,0,0,0,56085569,0,1320422,0,2551205,0,109425803,0,43278,-6424568,115893649,0,0,0,109469081,205341
IN,Marion County,2020,General Purpose,873586220,0,23965076,705790781,0,1973352,114023647,0,15112759,0,9518978,58636318,47732009,0,242586009,2852747,346101589,0,0,0,348954336,205217
OR,Marion County,2020,General Purpose,256802975,0,16820757,0,0,349654,142395975,0,21345426,0,5452942,73397298,84731068,10726228,86821495,-6206510,261882599,0,0,0,255676089,205217
FL,Marion County,2020,General Purpose,551034261,88445232,49187160,0,0,19346501,317040864,0,20909282,0,22261063,142771183,46730120,32948891,268451792,59263938,431638048,0,0,0,490901986,205217
TX,Fort Bend County,2020,General Purpose,1449434641,620942114,155833372,439067,0,2259978,47941506,0,597396893,0,16744995,57318426,96213885,258608324,347722213,155803954,604058894,0,0,0,759862848,196335
TX,Collin County,2020,General Purpose,665516189,537131000,116609392,0,0,0,0,32523900,0,0,9374000,52572536,119249345,6652043,273398852,71754044,380118732,0,0,0,451872776,195922
FL,Palm Beach County,2020,General Purpose,4197746860,863515389,398776095,223293,0,83415643,1867489307,0,447740399,0,210094621,686026585,251373232,55878784,1738472686,-37116294,2768867581,0,0,0,2731751287,194675
NE,Douglas County,2020,General Purpose,487154430,71179614,166713502,0,0,0,180046767,0,47804755,0,13580702,105448620,81550951,10337445,186144569,59093202,324388383,0,0,0,383481585,193613
CO,Douglas County,2020,General Purpose,75415483,5855000,60394586,0,0,0,0,0,0,0,9165897,61814471,83469719,25369065,264724793,31849455,403528593,0,0,0,435378048,193613
GA,Douglas County,2020,General Purpose,213077017,20887352,6902518,0,0,0,57415331,0,111884828,0,7231800,18358676,14758273,5043915,131145572,29304006,140002430,0,0,0,169306436,193613
VA,Fairfax County,2020,General Purpose,7213251402,3890750316,602285356,7525762,0,439073057,1838029525,0,136090113,0,153611412,917274574,346819376,43324953,4177009292,-48831469,5533259664,0,0,0,5484428195,188887
MD,Washington County,2020,General Purpose,374142656,188747069,34726598,384783,10165696,0,118758533,0,0,10931012,4148204,31316383,12531550,19062245,248282090,11908774,299283494,0,0,0,311192268,186542
MN,Washington County,2020,General Purpose,398150946,132138789,26196678,0,995401,0,74377089,0,152802376,0,11640613,32994235,99074060,6637810,172262377,56905371,254063111,0,0,0,310968482,186542
OR,Washington County,2020,General Purpose,741441000,70630000,192488000,0,141710000,5162000,278895000,0,6484000,2660000,12489000,111253000,205850000,16564000,270749000,-3555000,607971000,0,0,0,604416000,186542
UT,Washington County,2020,General Purpose,35868151,13715537,5847593,4190727,0,0,10307124,0,0,0,1807170,21803717,28838987,4432016,57841396,23366972,89549144,0,0,0,112916116,186542
UT,Salt Lake County,2020,General Purpose,958229946,504958525,163875936,4745498,0,70682811,75995899,0,95202533,0,28954974,226374240,304283063,2987822,799342870,104083513,1228904482,0,0,0,1332987995,181745
GA,Gwinnett County,2020,General Purpose,1455596,701609,201771,150123,0,31352,213317,0,39204,0,37518,512892,186765,131845,865861,371828,1325535,0,0,0,1697363,180589
NC,Wake County,2020,General Purpose,3533852433,2384388875,289701442,32305,0,275320595,115220710,1917781,415753783,0,16515621,115235949,130757498,0,1443608747,-22507974,1712110168,0,0,0,1689602194,163404
NC,Mecklenburg County,2020,General Purpose,2678783023,1500448673,237829916,3151120,207024045,0,137831581,1320744,514883109,0,36921453,171632573,160843787,866417,1536148056,5871750,1863619083,0,0,0,1869490833,149845
FL,Polk County,2020,General Purpose,1366570778,240683017,167107092,0,0,82482000,519641860,0,198094593,0,19968755,316787091,104462284,32880703,518042395,19269411,952903062,0,0,0,972172473,148748
IA,Polk County,2020,General Purpose,389072123,248620730,21765263,1056235,0,23131000,49746611,0,14647000,0,19007684,83970538,22171974,8304284,207649048,21382861,300712983,0,0,0,322095844,148748
GA,Fulton County,2020,General Purpose,3257955000,1019637000,98554000,50536000,0,0,333578000,0,1675472000,0,47787000,228532000,165492000,6001000,734472000,27481000,1107016000,0,0,0,1134497000,146313
TX,Williamson County,2020,General Purpose,1352794743,1139091150,92763816,0,0,0,55619549,0,59226881,0,6093347,53133045,64303593,49873724,339921021,117889430,389341953,0,0,0,507231383,145881
TN,Williamson County,2020,General Purpose,905617619,806434456,10341815,252214,0,0,0,244375,75435511,0,4376482,100597294,37733596,1794407,178312715,-26856614,345294626,0,0,0,318438012,145881
CA,Alameda County,2020,General Purpose,4327169000,1310807000,748101000,1466000,24201000,0,1785396000,0,173413000,0,84391000,654830000,1869783000,8170000,937270000,218092000,3251961000,0,0,0,3470053000,143609
CA,Fresno County,2020,General Purpose,2161228000,356601000,257422000,2805000,278550000,0,1054510000,0,0,0,53630000,122215000,961220000,0,673796000,69499000,1687732000,0,0,0,1757231000,143401
CA,Santa Clara County,2020,General Purpose,10454942000,2620844000,1698043000,0,0,0,4369993000,1030950000,1193745000,4066000,336638000,2903732000,2145002000,12885000,1990509000,188339000,6863789000,0,0,0,7052128000,138115
MD,Prince George's County,2020,General Purpose,7876190727,2603075752,553578380,98477445,0,310379185,1828515183,0,2063326398,0,87011437,367350367,141197692,10335801,1978333298,-235744323,2732961481,0,0,0,2497217158,135952
UT,Utah County,2020,General Purpose,328192274,227586021,59635967,0,0,0,24085947,0,8261379,0,6177350,80179196,0,0,252680367,261065091,71794472,0,0,0,332859563,134716
AL,Shelby County,2020,General Purpose,133812337,0,9252950,0,0,0,39089547,0,20078069,0,5543059,35780341,14426016,4219488,67320477,19632855,102113467,1307643781,62018344,0,1369662125,134189
TN,Shelby County,2020,General Purpose,1845498562,922216144,185322233,4329258,0,123200000,571656496,0,0,18933000,30558690,187907321,84996633,6099120,937532099,-93531331,1310066504,0,0,0,1216535173,134189
NC,Wayne County,2020,General Purpose,148376513,30920000,4017483,0,0,0,19237919,163353,38911884,0,2537896,23410024,29552849,125000,88486215,709114,140864974,5095510,505205,0,141574088,131467
MI,Wayne County,2020,General Purpose,1812948420,628294866,331168554,0,0,184930000,547323476,0,91675340,0,22332762,198890166,419509926,26214724,440122978,308655710,776082084,0,0,0,1084737794,131467
TN,Hamilton County,2020,General Purpose,407385343,290345000,33416393,0,0,0,4844203,2346915,22830434,0,17333863,50013185,30900412,815075,200780248,40666922,241841998,0,0,0,282508920,130898
OH,Hamilton County,2020,General Purpose,2670799000,1060334000,189713000,8150000,388663000,0,741809000,17322000,218552000,0,62610000,455413000,309024000,5029000,675543000,14989000,1430020000,0,0,0,1445009000,130898
IN,Hamilton County,2020,General Purpose,285013791,127247808,9355423,635726,0,0,27640222,293614,109754039,0,2759196,15919070,41083303,2169803,151525110,49857260,160840026,0,0,0,210697286,130898
TX,Travis County,2020,General Purpose,2724331272,1185905970,145211872,32779157,0,0,172394620,0,1125420726,0,42497620,107042374,57490490,26159427,799870344,52793904,937768731,0,0,0,990562635,129364
CA,Contra Costa County,2020,General Purpose,2611861000,126605000,556090000,258037000,0,1080000,677976000,0,523933000,236000,92573000,1894166000,1021424000,40990000,782125000,315039000,3423666000,0,0,0,3738705000,118854
NC,Davidson County,2020,General Purpose,195052179,98892906,13234259,0,32745000,0,14836007,236590,15496371,0,2390146,16298096,23225612,1199250,132921309,21762927,151881340,0,0,0,173644267,115480
GA,Cobb County,2020,General Purpose,1816539766,539334939,201495859,3757585,0,167017301,667140390,0,178505026,0,36493230,353971738,97906748,87009233,685250753,140615534,1083522938,0,0,0,1224138472,112097
CO,Arapahoe County,2020,General Purpose,435652646,129941621,52349020,11647046,0,2664894,208374554,0,0,0,18289696,69567963,209406835,4503917,226278746,8840352,500917109,11067596,6965508,0,509757461,111304
TX,Johnson County,2020,General Purpose,38479107,18925000,5297176,0,0,2415000,6418015,0,4027137,0,1396779,24914621,4334545,1203158,59448492,4870991,85029825,0,0,0,89900816,108387
IA,Johnson County,2020,General Purpose,37879408,0,7490257,0,0,9920000,15327952,0,1489267,0,3651932,12428587,13557995,4306630,66707723,16007777,80993158,0,0,0,97000935,108387
KS,Johnson County,2020,General Purpose,1383005817,967409999,84745526,1975644,14781417,0,251000703,0,23868678,0,23438999,265893122,164557904,6418693,391415902,84216440,744069181,0,0,0,828285621,108387
NC,Lee County,2020,General Purpose,130871824,51638857,2478158,0,39653636,326749,7441208,99288,27302597,0,2030619,4490416,8174691,861276,67680550,467464,80739469,0,0,0,81206933,105732
FL,Lee County,2020,General Purpose,2530890000,736809000,204592000,12492000,11000000,94026000,585079000,0,807852000,0,33546000,483973000,154535000,66230000,594285000,17236000,1281787000,0,0,0,1299023000,105732
GA,Forsyth County,2020,General Purpose,618135372,517821053,60225234,0,0,5750217,2131453,0,6417975,0,12785348,98867182,19485797,109529514,237016379,172918035,291980837,0,0,0,464898872,105110
NC,Forsyth County,2020,General Purpose,740725753,570102384,24480915,0,0,0,46149867,679188,66647741,0,8439750,35048354,51111206,408031,376297233,8876072,453988752,0,0,0,462864824,105110
CA,San Joaquin County,2020,General Purpose,2227446646,7897000,257288477,14824000,0,1276000,1584683469,0,129969434,0,42274000,581697872,770401571,27607558,379521542,75020848,1684207695,0,0,0,1759228543,104567
MN,Hennepin County,2020,General Purpose,3494379106,1857740095,473163198,0,0,2790460,839268166,0,145819803,0,154141727,1415149958,745244593,56341420,1149648018,-107539260,3473923249,1351533319,157249007,29870414,3366383989,102476
AZ,Pima County,2020,General Purpose,1970239000,722521000,171786000,0,0,2869000,776192000,0,4058000,4588000,40446000,263938000,175720000,48608000,700588000,108999000,1079855000,0,0,0,1188854000,100644
FL,Pinellas County,2020,General Purpose,1957358812,51969653,271625819,615497,0,76992808,710305897,0,697335520,0,70969447,563389178,189943524,37814016,767359074,116744750,1441761042,0,0,0,1558505792,99772
WA,Pierce County,2020,General Purpose,758885000,401002000,91501000,0,60660000,0,74544000,25299000,87223000,0,29046000,234451000,296159000,48544000,359613000,80367000,858400000,0,0,0,938767000,98571
TN,Madison County,2020,General Purpose,95147236,73696253,2751792,1135831,0,8276000,0,4968985,6471574,0,2815786,13862715,11841010,94000,58803008,15655863,68944870,0,0,0,84600733,93111
KY,Madison County,2020,General Purpose,0,12020000,0,307329,1842975,0,0,0,0,0,0,13165914,389840,0,19113360,-1864430,34533544,0,0,0,32669114,93111
VA,Prince William County,2020,General Purpose,1787836000,1113606000,253270000,68295000,21153000,0,200496000,817000,48523000,663000,43373000,77425000,110909000,75832000,1209750000,18544000,1455372000,0,0,0,1473916000,92237
CA,Kern County,2020,General Purpose,2747291000,232460000,227726000,21079000,13509000,0,1804165000,0,42679000,0,95105000,415233000,924522000,32732000,475754000,2865000,1845376000,0,0,0,1848241000,90958
SC,Richland County,2020,General Purpose,765382337,170077157,74362271,1254634,136370821,0,203728119,0,165057215,0,11170930,70252346,28128763,1146392,294805869,14035593,380297777,0,0,0,394333370,90179
NM,Bernalillo County,2020,General Purpose,802443844,253320992,87476753,0,0,0,325383442,0,96053173,0,40209486,28485850,42228681,9348178,412729190,46528057,446263842,0,0,0,492791899,88312
MD,Anne Arundel County,2020,General Purpose,4134565173,2474047271,229998820,20245,2362394,0,647187251,0,562453474,0,33872059,318411787,123052168,157135998,1605100751,45981586,2157719118,0,0,0,2203700704,84984
CA,Ventura County,2020,General Purpose,2147171000,28616000,476098000,328489000,11726000,180020000,677172000,0,131699000,1713000,95996000,844027000,657605000,29670000,632924000,66132000,2098094000,565376000,10342000,6687000,2164226000,83660
VA,Loudoun County,2020,General Purpose,2693348240,1219786141,564122213,643363204,0,0,133861541,0,60669020,47209,33094376,71163012,100736618,37125894,1752115254,50163541,1910977237,0,0,0,1961140778,83606
OK,Tulsa County,2020,General Purpose,248720189,103982424,16143588,1688807,0,585471,101018575,0,3994591,0,6144609,40562367,141319871,4684010,142961068,112962253,216565063,0,0,0,329527316,83453
TX,Cameron County,2020,General Purpose,255004610,164337897,35334401,3920877,0,6150896,11947765,0,30233502,0,2977940,65701598,25328329,1879776,92567120,-7338806,192815629,0,0,0,185476823,82303
NY,Suffolk County,2020,General Purpose,12322349989,1674099719,614044114,0,0,717506197,1104493609,0,6901030000,0,511243404,370958588,836537895,62736643,2319472582,10691055,3579014653,0,0,0,3589705708,82247
NJ,Essex County,2020,General Purpose,1244720579,624040000,0,14098,7964515,43980000,0,0,0,0,0,0,0,0,1008216197,37232544,970983653,0,0,0,1008216197,81361
SC,Greenville County,2020,General Purpose,613256501,70991684,109306463,12009757,0,87620915,232505430,0,38130664,0,10894598,78043454,32079298,19116600,184411929,-16451367,330102648,0,0,0,313651281,77302
OR,Jackson County,2020,General Purpose,160358239,43185788,15967541,0,0,1640295,88714447,347210,2291669,871434,5236875,38265382,74518383,5646839,58111631,-319749,176861984,0,0,0,176542235,77245
MO,Jackson County,2020,General Purpose,544917604,401917962,71189070,810791,0,0,46067941,0,5636802,0,8465885,50984346,117044306,15055237,196820068,22817836,357086121,0,0,0,379903957,77245
FL,Pasco County,2020,General Purpose,1294675425,428657336,113046133,0,0,14716000,516207619,0,71285733,0,30430929,375526426,160915454,23821401,432123718,190718018,801668981,0,0,0,992386999,76661
IL,Kane County,2020,General Purpose,195019766,60706016,65302961,0,0,0,20780530,0,10618922,0,6437653,29685421,57850946,11898283,193289365,42200803,250523212,0,0,0,292724015,74926
UT,Davis County,2020,General Purpose,127843790,61746764,16164370,69098,0,0,19023396,0,26093159,0,4747003,25970845,44983096,400184,158876390,49029357,181201158,3049300,10596,0,230230515,74773
WI,Milwaukee County,2020,General Purpose,2876921000,640761000,122753000,0,0,0,594769000,0,1415115000,0,41454000,284744000,402990000,12031000,471296000,126563000,1044498000,0,0,0,1171061000,74683
FL,Brevard County,2020,General Purpose,920994570,204664734,114651332,1880957,49105318,0,414905456,0,27264556,0,33194145,240122425,107508896,23519458,393530129,78652267,686028641,0,2320173,894278,764680908,73962
IL,Lake County,2020,General Purpose,412208585,219659176,89750647,0,0,0,47434620,0,18804476,0,21525954,84345708,188738215,29686815,259190518,61721624,500239632,0,0,0,561961256,72983
FL,Lake County,2020,General Purpose,438611170,112525801,36439075,0,0,527371,231057016,0,37048311,0,0,85486946,30656175,21516732,191492893,-3477499,332630245,0,0,0,329152746,72983
NC,Guilford County,2020,General Purpose,1222139137,710607639,107168872,0,0,0,57377689,813392,337432974,0,9551963,47968969,88160673,547307,515381488,33302508,618755929,0,0,0,652058437,72682
MO,Clay County,2020,General Purpose,90416155,991584,7818050,893741,0,0,25570939,0,1334583,0,3393420,20135162,33340983,1081695,51477231,-14392129,120427200,0,0,0,106035071,71623
FL,Clay County,2020,General Purpose,361979878,129711032,20414244,0,0,0,159309529,0,34981149,0,15866688,56415290,25648673,882808,149417462,15319975,217044258,0,0,0,232364233,71623
OR,Multnomah County,2020,General Purpose,1265422000,344351000,170272000,1329000,3125000,0,581413000,0,121091000,0,32855000,299879000,434998000,27782000,610417000,15237000,1357839000,1036000,29000,0,1373076000,71617
OH,Fairfield County,2020,General Purpose,157675829,10411942,10052586,175577,2734361,0,55851444,377203,37222409,100489,5180196,34186018,48844350,7015851,80660137,30257408,140448948,0,0,0,170706356,70874
NC,Union County,2020,General Purpose,726334795,544399685,24607155,0,0,0,35645683,459398,63275916,0,6574402,89652788,35630509,14549936,266746892,1151216,405428909,0,0,0,406580125,70728
FL,Osceola County,2020,General Purpose,1304908000,763838,51703000,35322000,0,19655,335287000,0,37792000,0,24369000,198859000,78445000,31529000,372701000,50037000,631497000,26837000,605000,0,681534000,69925
FL,Seminole County,2020,General Purpose,895984671,330869515,114482294,0,0,0,367319193,0,13246566,0,38704009,152191802,88106722,13347423,371142038,12058600,612729385,0,0,0,624787985,68096
SC,Lancaster County,2020,General Purpose,110172717,43158490,8174706,620000,0,0,51456686,0,4070482,0,1606138,17433516,5070517,3349607,71204211,18361177,78696674,0,0,0,97057851,67346
PA,Lancaster County,2020,General Purpose,369119890,167731121,37517998,14284206,900000,21036600,4582966,0,110146185,0,7133809,30708566,174492246,0,124205198,29964436,299441574,0,0,0,329406010,67346
NE,Lancaster County,2020,General Purpose,76791686,35806256,13572007,19727500,0,0,0,0,0,0,7685923,22049598,23148177,181433,110616479,12424982,143570705,0,0,0,155995687,67346
NV,Washoe County,2020,General Purpose,917385946,128400459,55285621,5058223,0,0,413343289,0,236411294,0,31419366,123215058,74736259,28845534,391214434,9624441,608386844,457449,2985104,0,618011285,67301
TX,Webb County,2020,General Purpose,143436259,76469706,27720782,6180710,0,3455000,19433202,0,248690,0,6211064,34862261,37424326,773013,117497726,13547785,177009541,0,0,0,190557326,66739
ID,Ada County,2020,General Purpose,147809654,2357736,19850848,5212256,0,0,77093670,0,0,0,8414374,76057420,13886239,1224823,195475920,15834343,270810059,10469193,8281302,322628,286644402,66273
MI,Macomb County,2020,General Purpose,588170168,270690000,180814373,0,621991,0,0,84215482,110683716,0,17171117,297868605,214835524,109189878,216709710,212572108,626031609,0,0,0,838603717,65943
GA,Fayette County,2020,General Purpose,87916248,62119904,7007951,0,0,0,14148013,0,633662,0,3279232,29322541,1171491,4822644,92934353,7851756,120399273,0,0,0,128251029,63880
FL,Volusia County,2020,General Purpose,695356883,67884925,107415938,0,0,39223018,348407115,3827549,42048773,0,33000973,139658715,126319798,57305779,375418268,98104788,600597772,20670699,568900,0,698702560,63009
VA,Chesterfield County,2020,General Purpose,1232112238,671083467,211280035,0,16403542,6545637,189567678,0,80242879,0,29548791,282035033,72649328,120474784,703164263,197527085,980796323,0,0,0,1178323408,62614
NJ,Cumberland County,2020,General Purpose,398088292,50515000,0,64380000,80685000,0,126656815,0,358130252,0,1233792,0,0,0,254468098,7817824,246650274,0,0,0,254468098,61503
NC,Cumberland County,2020,General Purpose,392166578,63226827,28768162,0,0,798275,36211480,558205,216044289,0,7120935,22143082,59771375,4344865,305220142,48436629,343042835,0,0,0,391479464,61503
TX,Brazoria County,2020,General Purpose,179779336,31612125,32487778,0,35085000,0,20461536,0,54179810,0,5953087,26584969,32034997,13083821,168394597,53826543,186271841,0,0,0,240098384,60940
MD,Howard County,2020,General Purpose,2758224249,1600257000,173405497,27708860,12529873,0,158265132,0,430354623,0,31131974,215209312,96390909,29629970,1382028903,171138837,1552120257,0,0,0,1723259094,58868
MN,Ramsey County,2020,General Purpose,699894491,209983487,70172127,0,0,3227000,228158123,0,133510679,0,45346319,297927629,351327776,0,438181739,146445415,940991729,0,0,0,1087437144,58769
CA,Stanislaus County,2020,General Purpose,1042882524,0,199733235,4679808,58302925,72788611,586184537,0,30436216,0,38987565,222535746,837084182,18309513,227813737,-18994995,1324738173,0,0,0,1305743178,58307
CO,Adams County,2020,General Purpose,477815377,0,31777051,0,7650606,0,232702751,0,14884025,0,21034358,49313611,228773302,9587457,315615969,43004397,560285942,0,0,0,603290339,57982
TX,Bell County,2020,General Purpose,149480832,104405000,13828877,0,0,0,23498752,0,970393,0,0,24350642,7739156,620326,116889424,17544635,132054913,0,0,0,149599548,57522
WV,Berkeley County,2020,General Purpose,35827429,28908412,203143,1863724,0,0,2796945,0,645169,0,945060,11071279,3346635,175077,31925659,7557798,38960852,0,0,0,46518650,56919
SC,Berkeley County,2020,General Purpose,375708059,193431960,29170515,2021643,2724648,179988,118909140,0,5105549,0,9793143,121557981,9828915,68081858,130697688,91312992,238853450,0,0,0,330166442,56919
WA,Spokane County,2020,General Purpose,447342000,206591000,92018000,4669000,6890000,0,34115000,17006000,40495000,0,0,175855000,125534000,21491000,203983000,73121000,453742000,35897000,4968000,6876000,526863000,56049
NC,Cleveland County,2020,General Purpose,127725395,11165000,11760747,582019,0,0,18449412,161170,20120659,0,4410314,17303787,21972008,4827703,95692634,-9468606,149264738,0,0,0,139796132,55834
GA,Clayton County,2020,General Purpose,616804693,37168245,31626135,0,0,0,282845551,0,235504000,0,20694866,47806644,12731154,1556052,263419948,-11264052,336777850,0,0,0,325513798,54424
TX,Galveston County,2020,General Purpose,565428917,274008576,17653935,0,0,0,14817230,0,252407229,1232615,6541947,24567291,32428354,0,158995399,-9711560,225702604,0,0,0,215991044,54043
AL,Mobile County,2020,General Purpose,321176640,0,26154882,0,0,0,70270770,0,39484601,0,8222826,22030565,45693578,2600115,181025356,32420779,218928835,0,0,0,251349614,53941
NJ,Passaic County,2020,General Purpose,832741739,277404000,0,78150000,48809,0,367960238,0,0,0,20534346,0,0,0,620544940,26393935,594151005,0,0,0,620544940,52693
VA,Henrico County,2020,General Purpose,1585579456,970010689,164268995,88129894,0,0,202467470,0,69602143,0,28117780,169835685,178549813,7026794,749568208,82985240,1021995260,126007966,20476506,7026794,1104980500,51786
DE,New Castle County,2020,General Purpose,1257525117,532137007,354206169,13274778,19164277,0,213194225,0,79725591,0,30263352,118290644,63903761,3632075,187356210,40356346,332826344,0,0,0,373182690,51175
SC,Charleston County,2020,General Purpose,1230883573,777670345,56135366,1993378,0,18830095,273199142,0,74602421,0,17131030,109863494,44043238,5416823,407430906,61097209,505657252,0,0,0,566754461,50299
FL,Manatee County,2020,General Purpose,1062823000,408723000,115321000,0,5661000,1308000,401051000,0,35340000,0,38907000,326196000,35442000,84581000,401547000,132603000,715163000,0,0,0,847766000,50088
KS,Sedgwick County,2020,General Purpose,431165439,138365132,86992403,1504502,0,0,168762539,0,24106664,0,7350000,65386948,128383227,9123791,229542097,36984002,395452061,622719,0,0,432436063,49323
FL,Collier County,2020,General Purpose,1224899629,349409000,112748463,8063564,234714000,70000,426770034,0,37737520,0,35987175,308273540,45572402,89441371,601531676,169792728,875026261,0,0,0,1044818989,47834
SC,York County,2020,General Purpose,359031792,137944682,40967542,0,0,18051343,111321245,0,37040847,0,5989577,50193517,14649713,2849950,199920851,49280620,218333411,0,0,0,267614031,47549
VA,York County,2020,General Purpose,201768131,123094382,28995017,1515179,0,0,27804335,0,11836437,0,7432881,28579852,15396193,3587581,142013150,-2380934,191957710,0,0,0,189576776,47549
TN,Rutherford County,2020,General Purpose,549527235,439745000,8432119,0,2493728,0,0,11196692,0,0,6127119,104834447,11754587,3409254,154803179,55801832,218999635,0,0,0,274801467,47458
CO,Larimer County,2020,General Purpose,138355526,6167778,27776147,0,0,0,0,0,0,0,19156353,71962012,94916420,7838317,220692038,82335916,313072871,0,0,0,395408787,46917
CA,Solano County,2020,General Purpose,818256437,20375000,95791266,0,0,3721859,557869129,0,15935270,0,35176643,82181997,398817569,867300,222576905,-31471641,735915412,0,0,0,704443771,45921
SC,Horry County,2020,General Purpose,471394000,117654000,68297000,8092000,0,0,217400000,0,43650000,0,16301000,112495000,23826000,42562000,305810000,152932000,331761000,0,0,0,484693000,45759
UT,Weber County,2020,General Purpose,101820155,59990989,12588257,67150,0,0,17540797,0,5901329,0,5304105,50828178,34270153,1285287,135041312,22102022,199322908,10749815,172746,0,221424930,44547
CA,Tulare County,2020,General Purpose,829216000,263984000,165616000,109000,1343000,0,271696000,0,22668000,0,27088000,186460000,543028000,0,185866000,1537000,913817000,0,0,0,915354000,43889
MD,Frederick County,2020,General Purpose,905060688,580227901,119972129,8473983,0,75705425,10210493,15879382,26824045,0,16123408,150410746,37136946,41479994,688912068,94663029,823276725,44395954,2083386,35638453,917939754,43828
PA,Erie County,2020,General Purpose,151190849,42152138,53559738,0,0,0,6957237,0,46070539,0,2389445,63060123,250297884,0,88763468,23484962,378636513,0,0,0,402121475,43737
NY,Erie County,2020,General Purpose,3025657000,923393000,237233000,0,0,125000000,289687000,0,1345295000,0,33915000,136508000,499257000,16561000,1231517000,-86254000,1970097000,0,0,0,1883843000,43737
FL,St. Johns County,2020,General Purpose,740663686,328234783,47811622,5789956,56856023,504000,282139344,0,0,10316093,15478860,171180851,76027462,142966316,266274978,196013525,460436082,0,0,0,656449607,43628
FL,Sarasota County,2020,General Purpose,1317150599,428055188,92495963,0,177324489,42649000,471058541,0,9295695,3657947,32319140,293237823,81655235,157717195,417845542,146481728,803974067,118793185,5728343,34599861,950455795,43485
GA,Henry County,2020,General Purpose,188078827,4986817,16232907,0,0,0,77353081,0,69360303,0,5173001,44124008,10686639,4190955,190765031,37999897,211766736,0,0,0,249766633,43009
NJ,Hudson County,2020,General Purpose,1109464808,459672000,0,0,2143174,0,452267834,0,471436462,0,32690799,0,0,0,774659279,39416048,735243231,0,0,0,774659279,42867
GA,Cherokee County,2020,General Purpose,200672837,56086070,22318113,1250305,0,0,87230260,0,10274923,0,16273375,34835217,21524513,16920257,170631637,-4146775,248058399,0,0,0,243911624,42766
MI,Oakland County,2020,General Purpose,741376009,358527575,321853855,0,0,0,22497565,0,0,384338239,16548221,454414326,185196498,14649704,316477090,146233143,824504475,6365194,14688864,2923,970737618,41959
FL,St. Lucie County,2020,General Purpose,538311690,143055405,38836160,15969827,0,35042941,205203057,0,59665228,0,20070076,55201183,70072158,35482202,251047293,36711068,375091768,21496512,836893,0,411802836,41859
MN,Dakota County,2020,General Purpose,185214067,0,33017858,0,0,0,111134223,0,12108677,0,23776570,25901691,183952498,16586747,201459282,60917713,366982505,0,0,0,427900218,40841
MD,Carroll County,2020,General Purpose,543773497,273606317,67987063,0,33400,0,18519244,0,117093974,0,14544275,38221705,19094094,18387973,432100059,34811198,472992633,0,0,0,507803831,40350
GA,Carroll County,2020,General Purpose,20393889,7581720,6144501,3316000,0,0,1070014,0,0,0,1015932,14542512,999725,3073457,73277062,16442512,75450244,0,0,0,91892756,40350
MO,Boone County,2020,General Purpose,43313084,11187437,20914084,777525,0,0,7663901,0,913075,0,1857062,15024224,28335452,1534237,61240072,12423505,93710480,0,0,0,106133985,40243
FL,Escambia County,2020,General Purpose,570084045,126693145,56521677,0,0,34010000,277714794,0,18605452,0,29500336,100693384,41379019,18021013,272875618,34095098,398873936,17071975,963217,0,432969034,39739
IN,Allen County,2020,General Purpose,106438654,17557329,14919691,0,0,0,32490684,0,15170826,0,4609204,26095365,46206218,1367647,150554799,28316220,195907809,0,0,0,224224029,39496
MN,Anoka County,2020,General Purpose,312168921,99877100,26122918,2463480,1713610,0,100851687,0,61471739,0,13857044,44179992,116208909,22671844,240275162,92378173,330957734,0,0,0,423335907,39057
GA,Columbia County,2020,General Purpose,192747183,144283612,20403963,1204351,0,0,0,0,7883575,0,10821236,60533966,7475390,16129683,140902128,54345414,170695753,0,0,0,225041167,38440
FL,Columbia County,2020,General Purpose,83999993,12497741,6209582,1950429,0,762968,50175794,0,344293,0,2684737,21883191,11169624,6341571,52799042,10318879,81874549,0,0,0,92193428,38440
MD,Harford County,2020,General Purpose,1063073380,625140944,87285230,0,0,0,150170070,0,110807139,0,28375757,70199611,43873453,46058446,655108948,85155997,730084461,0,0,0,815240458,38429
TX,Lubbock County,2020,General Purpose,104771149,31552032,16436771,11154485,0,0,12732070,0,29816178,0,3079613,23969166,11399370,0,107557080,14902957,128022659,0,0,0,142925616,37617
GA,Chatham County,2020,General Purpose,155627645,0,65898036,1236655,0,0,18711320,0,42547000,0,14796599,35100726,9686119,11987648,305140598,75079319,286835772,0,0,0,361915091,37456
NC,Johnston County,2020,General Purpose,642972249,345060257,13281895,0,93090429,30035,28028805,408016,193474728,0,4936450,83330011,32641235,13428671,228658436,48892647,309165706,0,0,0,358058353,37295
NE,Hall County,2020,General Purpose,670798,9545000,670798,239646,0,0,0,0,0,0,0,15922696,2156069,464861,27207584,2455539,43295671,0,0,0,45751210,37205
GA,Hall County,2020,General Purpose,156029980,0,12366898,7683332,0,20076587,29599280,0,49336319,0,5892107,45499881,10270705,8362579,164945635,20138476,208940324,0,0,0,229078800,37205
TX,Harrison County,2020,General Purpose,22267467,1230000,1699212,1065546,0,583480,2114933,0,14150789,0,1423507,5015475,2642314,62462,24587783,4517375,27790659,0,0,0,32308034,36835
TX,Nueces County,2020,General Purpose,222567723,157878625,34077473,3756835,0,0,22623801,0,0,0,2464800,86847745,8473372,556508,100280416,1338795,194819246,0,0,0,196158041,36618
OH,Lucas County,2020,General Purpose,661372873,105539900,51055662,282901,32343075,0,223875481,2186317,154003949,0,23765959,84588908,178437334,3786930,260082089,40622806,486272455,0,0,0,526895261,35590
OH,Delaware County,2020,General Purpose,275005609,100599452,17409243,0,2428674,0,82702760,1102928,57874783,0,8116036,51409817,36703282,21955577,121301725,50352548,181017853,18990057,0,18579724,231370401,34838
CA,Placer County,2020,General Purpose,1012961000,65478000,68219000,5630000,135257000,0,633985000,0,33366000,0,51149000,133296000,328096000,2905000,286363000,31116000,719544000,860000,12820000,1375000,750660000,34115
FL,Leon County,2020,General Purpose,349037469,24026072,38420138,5561851,0,0,204591147,0,41518671,0,17300720,50402797,54432496,2444,215109662,7848704,312098695,0,0,0,319947399,33840
NC,Cabarrus County,2020,General Purpose,464355331,188197041,22103515,442302,177792803,0,30102584,0,34368202,0,4488562,24929106,26505813,2300000,242226415,4497102,291464232,0,0,0,295961334,33658
NC,Durham County,2020,General Purpose,840112815,515105067,27733760,0,8585989,57603931,48346231,745996,173238390,0,9471878,46101274,54132867,1530189,428635023,14782389,515616964,0,0,0,530399353,33435
CA,Merced County,2020,General Purpose,771333463,42033052,190219629,4401124,231575,0,452130968,0,32708042,0,13191609,47318286,341313105,35730205,132764824,-4199700,561326120,0,0,0,557126420,32911
FL,Okaloosa County,2020,General Purpose,364186999,148085453,29485355,0,3119818,664000,153799006,0,10656793,0,9762818,117889019,24568259,27621192,147565402,44881335,272762537,0,0,0,317643872,32458
TX,Potter County,2020,General Purpose,102002003,76857217,4296623,1151004,0,0,14396542,0,3375676,0,1924941,5329436,5002592,579788,63715049,6076502,68550363,0,0,0,74626865,32436
NC,Gaston County,2020,General Purpose,414506048,243506311,22146822,4737754,4393302,0,43930819,2332906,74375686,0,7511196,47645631,22914117,11743926,226468268,10947526,297824416,0,0,0,308771942,31193
GA,Paulding County,2020,General Purpose,423993541,302674321,21830346,0,0,68678471,17158081,0,0,0,5444233,58111359,1127213,18226271,123316577,41838815,158942605,0,0,0,200781420,30496
CA,Santa Barbara County,2020,General Purpose,1318567000,12028000,130072000,1075000,0,0,788048000,0,109251000,0,40833000,307517000,385001000,81000,362239000,48743000,1006095000,0,0,0,1054838000,30449
TN,Sumner County,2020,General Purpose,248064017,205925000,11746813,0,0,0,0,4475283,10662227,0,1638872,26716416,7997528,1403195,85582422,23175660,98523901,0,0,0,121699561,30425
GA,Houston County,2020,General Purpose,69533482,0,8637006,0,0,0,32179268,0,15935353,0,2356457,34583600,5136827,2407190,78791766,11045606,109873777,0,0,0,120919383,30221
TX,Brazos County,2020,General Purpose,180680274,72067685,15801942,0,0,0,18812549,0,72006732,0,1890628,24525050,3844271,420372,151786411,38806646,141769458,0,0,0,180576104,30103
VA,Stafford County,2020,General Purpose,786479421,412593211,100553053,11045472,92049612,0,28459436,0,129349476,0,11018938,56392295,19326143,20576284,301504983,25425268,372374437,0,0,0,397799705,30086
NC,Wilson County,2020,General Purpose,110165370,7727996,6842714,255056,0,15816068,15933147,83047,56968613,0,2384864,14425969,19045472,100116,76607204,2595205,107583556,0,0,0,110178761,30027
TN,Wilson County,2020,General Purpose,542624149,425614825,21410138,6557322,0,3952000,1994475,1872439,78951392,0,3641324,18362761,5415002,4857833,100196352,-62782090,191614038,0,0,0,128831948,30027
FL,Alachua County,2020,General Purpose,356936637,0,29073976,983546,0,52450001,232999465,0,11268567,0,19607731,74718106,34877926,9512550,217225442,16139605,320194419,0,0,0,336334024,29761
FL,Santa Rosa County,2020,General Purpose,177856836,2600000,22414249,0,0,6981820,106433213,0,8015217,0,9213101,51958226,30483218,15150539,105222012,21909539,180904456,0,0,0,202813995,29042
IL,Winnebago County,2020,General Purpose,188739941,112663541,14548335,5032129,11099850,0,0,14377153,8758472,0,3919629,50894522,21721630,60034,97240051,6381628,163534609,0,0,0,169916237,28206
VA,Arlington County,2020,General Purpose,1901383410,1289385595,194022046,11772111,156079292,0,0,25800000,162071917,0,40151166,216904218,144769078,1512140,1288535382,174764740,1476956078,0,0,0,1651720818,28151
OH,Warren County,2020,General Purpose,215537516,35967904,17304964,0,12465578,0,83195651,829433,57721813,0,8881606,48392244,36030673,14596501,136925724,41916054,194029088,15244031,435839,4277021,235945142,27953
KY,Warren County,2020,General Purpose,0,75853190,0,1401454,0,395151,0,0,0,0,0,1791412,16502994,0,31609357,5039609,44864154,0,0,0,49903763,27953
OR,Lane County,2020,General Purpose,378330817,67041498,21956508,0,0,4240655,198496867,0,63424020,0,9442899,107416573,124773679,0,92657118,-14610106,339457476,22767928,1040404,0,324847370,27850
MD,Charles County,2020,General Purpose,790338732,414999553,57966763,11635851,0,4805813,148645175,0,115073574,0,26243067,85246548,26605609,3781599,463626666,30701132,548559287,0,0,0,579260422,27521
SC,Lexington County,2020,General Purpose,218799568,24810000,14488347,0,0,0,157490310,0,10358384,0,5156580,59944048,6073908,5207863,140529991,4884288,206871522,0,0,0,211755810,27288
NC,Onslow County,2020,General Purpose,347843344,228581088,16121027,0,0,0,26564269,0,20124773,0,3909871,25356953,36321502,7178285,164996177,7560359,226292558,0,0,0,233852917,26946
WI,Dane County,2020,General Purpose,748979851,432874789,102379941,0,0,0,0,23771724,110903425,0,90676726,110858642,161394229,28646713,358579833,3124398,656355019,0,0,0,659479417,26842
TX,Midland County,2020,General Purpose,187575846,14040219,0,38676,0,0,11720524,0,146682748,0,3758985,12401474,3583126,0,106679188,17698011,104965777,0,0,0,122663788,26432
SC,Dorchester County,2020,General Purpose,329235894,198734952,13162605,3701520,0,0,90034638,0,13035284,0,3654762,55991053,8144454,16534120,87741874,27278594,141132907,0,0,0,168411501,26238
NC,New Hanover County,2020,General Purpose,971374798,348282717,32039104,0,95717722,0,52495721,454072,406914976,0,11106221,32650923,69621132,619335,303897204,-17888335,424676929,0,0,0,406788594,25938
WA,Thurston County,2020,General Purpose,190527499,49794653,23854893,199205,1365469,0,24403920,6671557,64265430,0,9239611,73508078,54692187,11922744,148334241,37729184,250728066,0,0,0,288457250,25691
MO,Greene County,2020,General Purpose,132618432,26841968,25166895,310814,0,0,13641923,2632016,0,0,3914549,27417236,37027961,1012140,126305987,19814067,171949257,0,0,0,191763324,25659
WV,Kanawha County,2020,General Purpose,30779875,19009486,1717754,61842,0,0,4321020,0,2788048,0,2377626,6248877,6772121,0,59666526,4831,72682693,0,0,0,72687524,25429
SD,Minnehaha County,2020,General Purpose,71674254,61350000,4508874,0,0,62547,0,71737,1280573,0,4472259,12892832,31543470,0,65169380,23289175,86316507,0,0,0,109605682,25196
PA,Chester County,2020,General Purpose,740035948,559704540,123245858,3896150,0,8890000,17207877,0,10387000,0,11794285,64066306,262167985,3475251,189743690,8148636,511304596,24120391,3229991,0,519453232,25149
FL,Bay County,2020,General Purpose,586902076,145970133,70333187,2949025,0,199966465,134800993,0,12120706,0,6231028,81829945,113496687,18193044,177192871,78017367,312695180,0,0,0,390712547,25109
TX,Comal County,2020,General Purpose,200169149,132179146,48805070,2374275,0,0,9131685,0,6205240,0,1473733,9728857,2848217,8118016,90967676,21400715,90262051,8267091,7775,0,111662766,25089
FL,Walton County,2020,General Purpose,198451242,0,22455186,1745866,0,20470739,113424645,0,30317000,0,5224870,17488699,15286013,6010558,159333608,18127750,179991128,0,0,0,198118878,24656
GA,Walton County,2020,General Purpose,130273100,63133165,7369912,0,10241743,27922734,16961476,0,0,0,2459202,25490369,3326907,387747,71505902,1846004,98864921,0,0,0,100710925,24656
SC,Aiken County,2020,General Purpose,277538159,41498541,50531323,65417,0,45079431,80702740,0,54521703,0,2643619,31066948,10546631,314586,96709242,-15386657,154024064,0,0,0,138637407,24184
NC,Pitt County,2020,General Purpose,254806125,118267466,11171083,12420000,0,10186637,19270205,257698,3114352,0,3709056,29104890,25850625,2190661,140230452,11451924,185924704,0,0,0,197376628,23975
VA,Spotsylvania County,2020,General Purpose,627597475,424251354,34970988,0,0,0,26482710,0,123595714,0,6301689,50738676,35499856,23812436,266562533,46917224,329696277,0,0,0,376613501,23882
NC,Buncombe County,2020,General Purpose,679634202,15750000,35475942,0,419822511,0,44103637,0,134334172,0,9374658,35370441,52733060,2684062,358677329,2020198,447444694,0,0,0,449464892,23669
ID,Bonneville County,2020,General Purpose,23083321,26124,738773,0,0,0,18028814,0,0,0,1830491,18933833,11248551,310827,54662161,7724320,77431052,0,0,0,85155372,23668
SC,Anderson County,2020,General Purpose,171511230,16880415,11697595,2037000,0,33445650,88676933,0,11355910,0,5267594,30532194,13554945,6020500,90856720,-10213310,151177669,0,0,0,140964359,23390
NC,Alamance County,2020,General Purpose,166164047,39782005,6301547,2169382,4529182,0,17014190,281067,77534443,0,3301181,23784189,24306865,2235745,138904901,25411788,163819912,0,0,0,189231700,23148
FL,Hernando County,2020,General Purpose,372315900,28473421,25100169,822785,76283323,0,190249421,0,19597188,0,11894964,135855956,33804247,16485837,125333385,43451237,268028188,0,0,0,311479425,22973
ND,Cass County,2020,General Purpose,174331694,1858944,8057581,831820,100000000,0,59610328,0,1756803,0,2216218,12716263,21015342,1293858,78313069,19251617,94086915,5406285,188898,0,113338532,22952
GA,Coweta County,2020,General Purpose,151641712,12695000,7622195,0,0,0,36885947,0,80107492,0,3761750,25353373,7113165,17877125,116297507,12287902,154353268,0,0,0,166641170,22855
IN,Vanderburgh County,2020,General Purpose,130705877,57260565,4825173,1557797,7091864,0,27011058,0,27971729,0,4987691,25804278,19342294,4276539,107737919,16801546,140359484,11111,400000,0,157161030,22822
FL,Putnam County,2020,General Purpose,128993420,25559400,7682635,364782,0,5953048,64026083,0,2683787,0,2567900,26386570,10548283,7708118,57769991,8598844,93814118,0,0,0,102412962,22766
TN,Putnam County,2020,General Purpose,129589503,117825000,3188159,365145,2033748,5935000,0,12013896,8068625,0,0,17967050,6262634,1470146,50966460,10987578,65678712,0,0,0,76666290,22766
CO,Weld County,2020,General Purpose,59365268,0,45271838,0,0,0,6582519,6274442,786799,0,6724112,79380149,50780844,0,257896023,94311391,293745625,10740855,547462,0,388057016,22544
SC,Beaufort County,2020,General Purpose,363494843,207013028,0,0,0,0,131034509,0,0,0,4682308,49684552,14513779,5187318,192538838,66612818,195311669,0,0,0,261924487,22405
CO,Mesa County,2020,General Purpose,40459152,0,14912979,0,0,0,2671430,0,0,0,427422,22341103,54752023,3424331,81983330,19312709,143188078,6753026,130491,0,162500787,22046
SC,Spartanburg County,2020,General Purpose,352396017,53848514,27393057,4916897,0,0,149188176,0,91083839,0,7315574,38330653,16655329,4972016,198218911,71149485,187027424,0,0,0,258176909,21938
NC,Robeson County,2020,General Purpose,153627054,13986410,2596184,33736519,0,0,16731813,142000,62688078,0,5425331,36367469,34495686,407265,88107348,-2253044,161630812,0,0,0,159377768,21783
OH,Summit County,2020,General Purpose,535726723,62897497,40371864,871519,31154723,0,217580458,0,149155201,102498,28743976,118268727,242764215,7333912,253146240,46388425,575124669,45993490,941019,3355053,621513094,21298
TX,Hays County,2020,General Purpose,642695494,552876756,27060238,0,3246071,0,19255943,0,36730279,0,3526206,15270372,8344067,856448,178081369,8032021,194520235,14574129,127701,0,202552256,20793
WI,Kenosha County,2020,General Purpose,226120589,73573875,22856928,0,0,77870000,0,13370352,48422550,0,3397236,35667968,71409084,9386781,94546701,11739874,199270660,0,0,0,211010534,20759
IL,McHenry County,2020,General Purpose,81111416,2838970,13562774,348147,0,0,30650423,0,22463655,0,5394615,42336414,23386866,0,108304803,4429713,169598370,0,0,0,174028083,20613
NC,Iredell County,2020,General Purpose,306020804,144771457,12758121,468374,0,78479637,25560141,358748,27136254,0,3248844,32464044,17084367,0,203144706,20584463,232108654,0,0,0,252693117,20606
NC,Harnett County,2020,General Purpose,301055649,89065316,14217819,16700284,11896669,0,20416564,2525500,54712826,0,3220049,82050781,14789313,2581893,114462649,28849705,185034931,0,0,0,213884636,20416
WI,Brown County,2020,General Purpose,134859140,80715820,30575945,197963,0,1428536,0,18236747,5237345,0,3270413,86158406,68322354,11094883,130580770,41528363,254628050,0,0,0,296156413,20248
NY,Onondaga County,2020,General Purpose,1884884705,559806005,180515934,0,264122515,0,213400135,0,618643458,0,14076257,160143869,229775954,15924122,538171923,32815396,911200472,0,0,0,944015868,20234
CA,Madera County,2020,General Purpose,600928588,15090054,16265346,100048362,13576338,0,211955775,0,210729295,0,16931957,74288138,183930703,8526459,63990660,-5557499,336293459,0,0,0,330735960,20119
GA,Newton County,2020,General Purpose,88727081,43591834,9007029,469393,0,16071370,2505316,0,0,0,2723265,26026520,5898902,1521154,81219100,12362599,102303077,0,0,0,114665676,19579
UT,Cache County,2020,General Purpose,34182430,17120000,6089974,1374713,0,0,7094205,86575,0,0,2503538,10475867,21661790,1074772,44846573,18093052,59965950,0,0,0,78059002,19260
CA,Santa Cruz County,2020,General Purpose,994509543,42296736,83148452,5108098,92467,46795000,523261501,0,175366985,0,32074062,120888701,290445632,18531839,195998538,-47100870,672965580,17775649,685102,0,625864710,19249
MS,Rankin County,2020,General Purpose,157798553,81050604,8859569,4628344,0,1120000,60520374,0,0,0,1619662,12840903,5282625,2206678,62743896,-1735569,84809671,0,0,0,83074102,19160
FL,Martin County,2020,General Purpose,688363602,154377896,36386149,28350115,847235,0,266520344,0,175323842,0,17667805,107334860,23974797,19880399,252670897,11637465,392223488,0,0,0,403860953,19038
NC,Rowan County,2020,General Purpose,121760394,5919795,16261119,0,0,0,18557695,245012,10400765,0,4182850,25380598,22715407,1516377,124765898,9346554,165031726,0,0,0,174378280,18972
OR,Deschutes County,2020,General Purpose,234757471,41803202,18669945,0,6327800,0,114720172,0,25987166,1270129,10933384,63304174,59711584,145584,92110210,11590644,203680908,12254566,319283,0,215271552,18651
TX,Smith County,2020,General Purpose,123513550,38480699,7261430,2010083,0,0,13350862,0,59199436,0,3211040,16814943,13253418,864766,83741070,8573757,106100440,0,0,0,114674197,18260
MN,Olmsted County,2020,General Purpose,292121994,157705518,20204958,0,0,0,73873010,0,9328134,0,14499684,58292201,63630232,4540335,158854180,38104423,247212525,0,0,0,285316948,18145
MD,St. Mary's County,2020,General Purpose,264187368,112484000,44397448,4156908,1104015,0,85420753,0,6181171,0,6983073,7497731,11650351,8933693,267650238,35592028,260139985,0,0,0,295732013,18083
MI,Washtenaw County,2020,General Purpose,255611336,20857526,48928961,6476564,0,16800000,109139163,0,33592171,0,19816951,34583238,140168346,0,139071629,47538141,266285072,2548277,360354,0,313823213,18073
UT,Tooele County,2020,General Purpose,40353403,24669815,4043867,341657,0,0,5858204,0,3478023,0,1961837,20873857,27445290,2886392,33272297,22168680,62309156,0,0,0,84477836,17913
FL,Indian River County,2020,General Purpose,260417722,3865000,33086694,12133,0,2132000,187234831,0,1384640,0,15455453,87307869,48831278,16382635,160845949,33545210,279822521,16638875,661441,0,313367731,17871
IL,Kendall County,2020,General Purpose,39980937,24211965,2665689,23324,0,0,12140277,0,0,0,939682,10128599,9377932,4333183,41772562,6633951,58978325,0,0,0,65612276,17650
VA,Hanover County,2020,General Purpose,235111860,161464578,27311185,4019105,0,0,20343463,0,6166456,527039,10841225,49130355,19955541,22111075,229353157,32076147,288473981,0,0,0,320550128,17541
WI,Racine County,2020,General Purpose,346492783,153242647,14372636,0,0,14880000,0,10132051,153035186,0,5071523,34373943,54903188,3949679,80137731,55877975,117486566,0,0,0,173364541,17529
NM,Sandoval County,2020,General Purpose,116143372,37469079,3365481,6180434,0,8391615,41760020,0,13808361,0,871108,10290309,6678778,889986,62881370,14782604,65957839,0,0,0,80740443,17524
CA,Napa County,2020,General Purpose,371475235,9844521,28351202,1943821,5610812,0,257117876,0,24890000,0,15259001,84649469,147298127,19193744,213862696,85625069,379378967,0,0,0,465004036,17394
OR,Clackamas County,2020,General Purpose,741784482,271223726,46501385,0,21954295,2581957,295381903,0,61377713,0,17971186,150740708,221219638,28167113,206125450,-27221384,633474293,0,0,0,606252909,17288
TX,Rockwall County,2020,General Purpose,180200040,108265000,4969463,0,0,52624395,0,2133512,13543465,0,797717,6457701,1035240,15550,43514855,4705,51018641,0,0,0,51023346,17007
PA,Lehigh County,2020,General Purpose,451643087,122003762,48617342,0,0,29107284,82611649,0,148605945,0,17212037,28611283,332081628,0,114501663,2772678,472421896,0,0,0,475194574,16730
TX,Taylor County,2020,General Purpose,80223868,51409469,4934340,0,0,1875000,9821812,0,11050087,0,1133160,7264066,3520293,2879115,60282755,4379499,69566730,7187462,349776,0,73946229,16612
IA,Linn County,2020,General Purpose,112530664,62466474,8655615,230954,0,0,25904835,0,8719928,0,6552858,19086145,18021785,6653011,77498160,765840,120493261,0,0,0,121259101,16598
GA,Rockdale County,2020,General Purpose,233905267,81656764,14783942,0,0,20531090,30601118,0,71213178,0,3757261,50342091,9557078,1049183,87855530,3927581,144876301,0,0,0,148803882,16565
OH,Butler County,2020,General Purpose,359653610,44974952,27907569,0,24199737,0,128961846,1328480,89273318,0,10334899,99612086,72703782,33453831,152397499,34214909,323952289,0,0,0,358167198,16475
WA,Yakima County,2020,General Purpose,101466000,27498884,10582000,0,0,0,19376000,4774000,18426000,0,3272026,40167000,42545000,1138000,132507000,36496000,179861000,0,0,0,216357000,16400
SC,Pickens County,2020,General Purpose,112617961,35317917,8569346,0,0,0,52902164,0,13566925,0,508245,15938017,7481716,462008,47289523,5314307,65856957,0,0,0,71171264,16373
SC,Sumter County,2020,General Purpose,146524777,35056712,6220129,82165,4896000,0,48574631,0,46471988,0,2325520,16533352,5297569,1469030,66785433,4449665,85635719,0,0,0,90085384,16336
CA,Monterey County,2020,General Purpose,1313721737,24615807,184943107,13938911,0,22444000,693581639,0,39702617,0,58012254,482405997,472306026,74489257,289683563,70538388,1248346455,0,0,0,1318884843,16257
WI,Outagamie County,2020,General Purpose,135627074,37513517,47292873,0,0,30075000,0,0,5923395,0,14401795,105193980,45884124,15568290,87829444,29387234,225088604,0,0,0,254475838,16081
FL,Charlotte County,2020,General Purpose,644433960,110493339,45464281,0,142396771,0,250604515,0,51645399,0,16985264,232443868,38249479,48543478,258776778,80505968,497507635,7103711,692857,15428,578013603,16030
MD,Calvert County,2020,General Purpose,298296746,155533187,47536064,0,0,11118014,24610217,0,37603994,0,14222663,39481640,9485075,1313715,308418626,35988334,322710722,0,0,0,358699056,16022
NC,Randolph County,2020,General Purpose,191241062,0,10948249,133243158,0,43022,14360877,204411,0,1371326,3777672,11933875,18825030,0,119128267,-17062613,166949785,0,0,0,149887172,15971
NC,Catawba County,2020,General Purpose,243045526,105337466,15634205,0,1290796,0,24938161,281466,20914376,0,4945875,25318929,32354046,1561177,161392327,13889094,206737385,0,0,0,220626479,15942
SC,Florence County,2020,General Purpose,275116529,129891316,20735424,8940439,0,0,70114804,0,42573641,0,2077395,22683559,14426154,3921646,89309356,8406252,121934463,0,0,0,130340715,15936
ID,Canyon County,2020,General Purpose,47066475,0,6603850,0,0,0,27943926,0,0,0,2958671,30305875,4843381,439074,72367176,3674983,104280523,0,0,0,107955506,15699
FL,Citrus County,2020,General Purpose,315065964,94537959,36838279,5731733,0,38487756,107382780,0,10799461,0,7867047,63214140,16630390,37251681,106162981,13470438,209788754,0,0,0,223259192,15611
IA,Woodbury County,2020,General Purpose,24113915,1125000,3717065,272482,0,5650787,8338283,0,3596490,0,1413808,4365742,8403741,2070160,41389688,1101354,55127977,7863330,0,0,56229331,15354
IA,Scott County,2020,General Purpose,62705305,29522162,4939151,0,0,5850000,16248373,0,1574905,0,3727333,8384889,6521082,1204224,73169951,5883973,83396173,933761,5382,0,89280146,15324
NJ,Ocean County,2020,General Purpose,981487997,455251000,0,0,1824093,0,320908683,0,0,0,0,0,0,0,607245768,31447626,575798142,0,0,0,607245768,15305
MD,Cecil County,2020,General Purpose,387253664,281761563,38633026,5278492,0,0,41783074,0,0,3203465,3290378,33978318,23668531,15639727,194928232,25513416,242701392,0,0,0,268214808,15256
NC,Nash County,2020,General Purpose,149678652,19916442,6433602,63962,3374665,0,15004573,151721,58715917,0,2948920,12624980,19011390,2524993,75593726,2796009,106959080,0,0,0,109755089,15237
MD,Wicomico County,2020,General Purpose,215322000,115304395,11070361,3787052,48967,0,68582645,0,0,2860819,4296694,28909225,19092598,0,131046675,5025393,174023105,8549473,1503626,0,179048498,15203
AR,Sebastian County,2020,General Purpose,0,0,0,0,0,0,0,0,0,0,0,0,0,0,0,0,0,0,0,0,0,14748
TN,Sevier County,2020,General Purpose,132567941,72970270,4249008,0,49721699,0,0,11915145,4726964,0,0,19379348,6356005,251474,65118982,7885253,83220556,0,0,0,91105809,14662
KY,Kenton County,2020,General Purpose,0,64125000,0,3998754,0,0,0,0,0,0,0,8089635,10010157,0,46012100,-13769885,77881777,0,0,0,64111892,14602
TX,Tom Green County,2020,General Purpose,76704458,65754973,4985959,0,0,0,1351044,0,1069306,0,1982563,9961204,4296796,0,51490964,7890696,57858268,0,0,0,65748964,14574
MI,Kent County,2020,General Purpose,258942401,118742822,52041949,0,0,20300000,0,56763648,20274392,0,10260598,103959597,175675243,6262714,176806178,59811250,402892482,3271536,204298,0,462703732,14557
TX,Maverick County,2020,General Purpose,36897870,27458342,2349734,1170386,0,2120342,2474396,0,661286,0,765757,7737229,1819131,2518229,22125990,6297813,27902766,0,0,0,34200579,14500
WY,Laramie County,2020,General Purpose,37517884,0,4964692,914166,524276,8080573,20319885,0,0,0,2714292,13233849,6080005,564585,67116057,15840792,71153704,0,0,0,86994496,14421
GA,Barrow County,2020,General Purpose,85787882,45452019,9462989,0,0,2261054,10223388,0,2240686,0,1780665,19593667,1065528,4182452,63252819,24475688,63618778,0,0,0,88094466,14272
VA,Roanoke County,2020,General Purpose,268253281,176726541,19085918,0,0,0,51689185,0,11610305,0,6196165,12950046,31976337,0,175224579,-5911289,226062251,0,0,0,220150962,13999
MN,Sherburne County,2020,General Purpose,100629952,41817257,7185318,0,395744,0,34995551,0,8500432,0,7735650,30374906,37656706,1309538,65487566,18152741,116675975,0,0,0,134828716,13921
GA,Dougherty County,2020,General Purpose,44394827,0,9759413,0,0,0,12863653,0,9723406,0,3020725,20184596,3019068,1089858,72698992,11546575,85445939,0,0,0,96992514,13882
TX,Victoria County,2020,General Purpose,43311737,20820289,3916379,87290,0,0,13778737,0,1663830,0,1942798,11113505,9031558,806880,40619819,1358548,60213214,0,0,0,61571762,13846
OK,Comanche County,2020,General Purpose,0,0,0,0,0,0,0,0,0,0,0,0,0,0,26692769,842798,25849971,0,0,0,26692769,13679
ND,Burleigh County,2020,General Purpose,120603980,56410585,4731950,509188,6927227,0,49164701,0,1197388,0,1662941,10633910,14357668,1662441,35380353,-521997,62556369,0,0,0,62034372,13669
SD,Pennington County,2020,General Purpose,73932606,0,10379602,898417,0,0,0,82434,4758015,0,4077522,22236790,30187587,0,51660779,16415765,87669390,792159011,0,0,792159011,13620
GA,Bartow County,2020,General Purpose,266238592,4672617,12647435,402256,0,11045047,53694365,0,134588804,0,1541753,38768543,8894899,7794203,98819606,-15618122,169895373,0,0,0,154277251,13421
NC,Craven County,2020,General Purpose,90573248,5947000,8083495,0,45280876,0,11920117,192901,16337506,0,3004299,18415395,25310768,1184199,80023742,8729179,116204925,0,0,0,124934104,13410
NC,Henderson County,2020,General Purpose,242080295,160278698,2778058,0,0,0,21535807,0,21660306,0,3223475,20400652,20766531,415200,138934577,-7612997,188129957,0,0,0,180516960,13396
IL,Sangamon County,2020,General Purpose,83368177,12630000,5913374,133333,0,685297,29498248,0,28137919,0,5674796,11813923,14010484,3855,71058302,2541226,94345338,0,0,0,96886564,13392
WY,Natrona County,2020,General Purpose,20783393,0,1195378,0,0,0,14831253,0,0,0,1221547,5694414,5248146,11280941,35482425,-1150596,58856522,0,0,0,57705926,13330
GA,Glynn County,2020,General Purpose,77740781,29730456,9857016,3737384,0,0,19019778,0,6691285,0,3820072,21484392,2558107,5341435,110941316,11745307,128579943,0,0,0,140325250,13287
TN,Maury County,2020,General Purpose,323666954,161775799,86304855,0,4582645,120000,0,2376718,0,0,1518027,369157802,28854370,260771,50684426,5281863,443675506,0,0,0,448957369,13043
KS,Shawnee County,2020,General Purpose,176368814,58738701,13671531,1181758,6618503,0,55972457,0,3740208,0,5990379,26911259,6861332,37612034,106111436,10938812,166557249,0,0,0,177496061,13004
NM,Santa Fe County,2020,General Purpose,402292282,229047882,25835646,0,0,0,108782781,0,33838542,0,3773263,15518454,12158404,2667166,150488030,25483150,155348904,5496185,0,0,180832054,12979
GA,Effingham County,2020,General Purpose,42903778,30384539,7129327,2581533,0,0,0,0,0,0,1186283,20248032,1358818,5669136,47553987,12054734,62775239,0,0,0,74829973,12966
FL,Flagler County,2020,General Purpose,247070076,80018421,18477058,15137827,0,22241383,101286054,0,5905479,0,3975833,29275643,21025095,6323710,91211078,-1126750,148962276,0,0,0,147835526,12946
KY,Oldham County,2020,General Purpose,0,29232783,0,2180000,0,0,0,0,0,0,0,825322,15381046,0,24956652,4503344,36659676,0,0,0,41163020,12941
IL,Peoria County,2020,General Purpose,112309025,0,13333729,0,65234427,0,20086610,0,10286690,0,2469466,25388722,22306010,949855,30164432,-16011172,94820191,0,0,0,78809019,12924
NC,Moore County,2020,General Purpose,325478221,68284077,24216439,365767,15259206,0,15794696,224230,35715277,0,3079211,31305489,12150152,3067329,111807851,-48739972,207070793,0,0,0,158330821,12897
MI,Kalamazoo County,2020,General Purpose,85930743,28057366,23480442,0,0,0,0,26483836,29221051,0,5171884,16932323,39777367,805864,74039997,17035789,114519762,0,0,0,131555551,12878
GA,Whitfield County,2020,General Purpose,61313356,2987000,7015943,0,0,501646,13021315,0,9427500,0,1859952,7787908,7574178,3224402,56590521,-1870067,77047076,0,0,0,75177009,12873
TN,Robertson County,2020,General Purpose,133058609,126720152,1379051,0,0,1318575,0,1770755,0,0,2246446,16469913,3970773,1469818,44281935,2575051,63617388,0,0,0,66192439,12680
NC,Brunswick County,2020,General Purpose,641809367,414393247,25263447,0,12056129,0,30160312,0,138947347,0,5197231,83837838,35874168,8597689,180354717,30022858,278641554,0,0,0,308664412,12610
WI,Waukesha County,2020,General Purpose,125205616,0,24549916,0,0,86421784,0,20115248,0,0,6157295,52833970,70826154,6743815,134387071,17987164,246803846,0,0,0,264791010,12523
CA,Butte County,2020,General Purpose,451146897,44605000,23062987,8695475,0,0,267024698,0,60582927,0,19048981,288128363,305020071,18164284,94224057,216106070,489430705,0,0,0,705536775,12362
NC,Burke County,2020,General Purpose,107999745,4202138,10220634,0,0,56191340,11687912,168620,18514709,0,1912409,12311170,15401891,8743655,77657394,11590528,102523582,0,0,0,114114110,12334
SC,Orangeburg County,2020,General Purpose,209663272,93810159,9579443,7321176,141422,1563689,45978287,0,48779000,0,2328168,15007138,3292783,3226946,62326474,-4746095,88599436,0,0,0,83853341,12265
FL,Nassau County,2020,General Purpose,206503804,33026055,15747566,317517,0,646281,104672569,0,27317377,0,8439148,19062589,19224067,6903996,114019524,8715633,150494543,0,0,0,159210176,12248
WV,Wood County,2020,General Purpose,14797792,9343666,849007,303650,0,0,1565123,0,2359503,0,376843,5827330,454524,627045,17726513,750806,23884606,0,0,0,24635412,12238
PA,Dauphin County,2020,General Purpose,222829953,93274793,33527541,12867495,0,11743821,30832045,0,28028194,0,11319181,29671364,137386761,3784032,117319141,6327251,281834047,0,0,0,288161298,12214
NE,Sarpy County,2020,General Purpose,115004044,33915245,62361142,0,0,643412,0,5176614,4392339,0,9984435,30317327,9915388,14299458,62574497,19373706,97732964,0,3126,0,117106670,12190
MO,Platte County,2020,General Purpose,38075535,13814410,12480985,4971516,0,0,6666522,3819801,0,0,142102,11339713,8892764,14392487,38159677,21781054,51003587,0,0,0,72784641,12138
GA,Troup County,2020,General Purpose,52838751,9525246,9013888,229319,0,0,20388040,0,11923311,0,1048900,9074544,6185851,1959058,50531132,2253778,65496807,0,0,0,67750585,12127
UT,Box Elder County,2020,General Purpose,13764053,0,7330304,0,425000,0,4933748,0,0,0,708926,5591043,10240203,52926,27535529,3531857,39887844,1554199,567947,0,43419701,12111
FL,Highlands County,2020,General Purpose,149212569,0,10470020,0,0,22714207,101151611,0,1443612,0,5387894,37786184,6217641,6697061,75786933,-7743836,134231655,0,0,0,126487819,12080
KY,Daviess County,2020,General Purpose,0,14430000,0,0,1003694,0,0,0,0,0,0,9321804,15018752,0,35851113,929865,59261804,0,0,0,60191669,12048
WA,Whatcom County,2020,General Purpose,62757454,1700000,22682601,202931,0,0,18462899,5617735,7021801,0,9050517,27149474,47278205,21461306,122321641,36427481,181783145,0,0,0,218210626,12027
TX,Kaufman County,2020,General Purpose,155454241,122301619,9960738,3382426,589505,0,3143512,0,14181598,0,1894843,11219582,8552652,1825311,58499192,-3095111,83191848,0,0,0,80096737,11977
NC,Rockingham County,2020,General Purpose,144553001,39793390,9740242,0,0,0,14215229,151559,57059142,0,267058,15978052,14486195,3401884,76486902,5475117,104877916,0,0,0,110353033,11669
CA,San Mateo County,2020,General Purpose,1979736000,0,577795000,570202000,0,2207000,582014000,0,93292000,0,88988000,670556000,588692000,4585000,938071000,276434000,1925470000,0,0,0,2201904000,11576
NC,Lincoln County,2020,General Purpose,243949858,64472006,9752194,0,10271824,0,16448201,161569,55722570,0,2560553,31117563,14732517,6111431,104830802,29862816,126929497,0,0,0,156792313,11571
WI,Eau Claire County,2020,General Purpose,105871086,87910815,9857028,862783,71934,0,0,6630773,2049196,0,3194412,24672584,34961802,825927,54418184,9803816,105074681,0,0,0,114878497,11556
MT,Yellowstone County,2020,General Purpose,53446575,9725000,10250378,0,0,482171,26889090,0,3464895,0,2635041,20904883,3860516,0,67048796,13374296,78439900,0,0,0,91814196,11554
NC,Caldwell County,2020,General Purpose,63680553,0,3767713,0,0,43970245,11131900,0,2948262,0,1715013,10542208,13059772,4990460,68518348,-4252972,101363760,0,0,0,97110788,11444
TX,Bastrop County,2020,General Purpose,86503467,42487870,4060428,93338,0,0,4834705,0,34187316,0,839810,12571459,6116890,4709187,47239433,4885184,65751785,0,0,0,70636969,11434
NM,San Juan County,2020,General Purpose,138119832,29631614,5975488,0,11826519,0,65088739,0,21498659,0,3912931,11921716,15490557,94878,75539855,-11733815,114780821,0,0,0,103047006,11381
AZ,Yuma County,2020,General Purpose,204654401,49186610,17335739,1652322,2382579,0,127464416,0,0,0,7952320,12281055,47359790,2391146,124327709,25731746,160627954,17276895,275574,0,186359700,11303
VA,Fauquier County,2020,General Purpose,160394876,59257189,17913180,37253746,0,0,10468170,0,7196713,0,5507319,8363996,19551424,6514015,193055059,19259678,208224816,0,0,0,227484494,11181
IA,Dubuque County,2020,General Purpose,51983816,28883751,4076020,747572,205561,0,10354574,0,2068064,0,5648274,13959499,7377941,5306505,46471352,12258775,60856522,0,0,0,73115297,11064
IA,Black Hawk County,2020,General Purpose,42774074,19484053,4662121,0,0,0,13999618,0,2235539,0,2392743,5954830,11920406,5513256,45644001,12295125,56737368,0,0,0,69032493,11059
ID,Kootenai County,2020,General Purpose,57879151,0,12479197,1320001,0,0,28043831,0,0,0,6458122,43156208,5203978,1907127,58608080,1341167,107534226,0,0,0,108875393,11017
MO,Buchanan County,2020,General Purpose,11549032,0,3549665,0,0,0,4845370,0,811021,0,2342976,5809153,13817854,217731,32568614,4733925,47679427,0,0,0,52413352,10946
DE,Sussex County,2020,General Purpose,195731358,150074075,25295318,0,0,0,1384706,0,10203348,0,8460021,40933291,32607243,17634572,57586001,44427028,104334079,0,0,0,148761107,10942
CA,Sonoma County,2020,General Purpose,1092460000,376079000,107194000,3937000,85071000,256000,187359000,0,216719000,0,35987000,138541000,529243000,7500000,406145000,137213000,944216000,0,0,0,1081429000,10941
SC,Kershaw County,2020,General Purpose,79795952,29295334,6494891,677062,0,0,33572845,0,7692189,0,954391,14519265,340131,1554323,33907364,1513910,48807173,0,0,0,50321083,10928
GA,Bulloch County,2020,General Purpose,27011322,17007562,5973994,1681610,0,376089,0,0,0,0,1272067,12749082,2373696,2416455,59886138,6213733,71211638,0,0,0,77425371,10902
AR,Lonoke County,2020,General Purpose,3059864,0,3059864,68811,0,29520,8542020,0,0,0,0,0,0,0,21899273,3256116,18643157,0,0,0,21899273,10851
GA,Lowndes County,2020,General Purpose,103730852,8296623,9852167,147090,0,694890,22393102,0,59936692,0,1529355,20651626,2326113,4508029,87340234,8867262,105958740,0,0,0,114826002,10848
NY,Dutchess County,2020,General Purpose,982691845,243938009,110609586,0,0,0,126564243,0,461883735,0,10460158,25819329,134543999,23960211,322730088,-53366353,560419980,0,0,0,507053627,10836
GA,Catoosa County,2020,General Purpose,11303255,0,2564768,0,0,850764,0,0,0,0,1085115,6913816,5973564,121497,43995251,1834123,55170005,0,0,0,57004128,10770
NJ,Monmouth County,2020,General Purpose,2519448708,390810000,0,0,0,19500000,435741708,0,473743040,0,0,0,0,0,670942714,33082248,637860466,0,0,0,670942714,10704
TN,Tipton County,2020,General Purpose,1780926,0,0,0,0,0,0,3377926,685015,0,923485,4214907,3948431,3058753,21609394,6250828,26580657,0,0,0,32831485,10681
MI,Ingham County,2020,General Purpose,413273124,91554906,24358827,20901140,0,8900000,190612666,0,66446199,890867,8892262,68062662,68937496,6447388,99250635,15463123,227235058,28923501,3339065,0,242698181,10619
NM,Lea County,2020,General Purpose,54412925,0,3164773,0,0,0,37120253,0,13129405,0,998494,3976086,5883342,1732322,107060993,37574847,81077896,0,0,0,118652743,10613
SC,Oconee County,2020,General Purpose,97448315,14498485,4905376,8960635,0,0,53536319,0,11134969,0,1651761,14022308,3139229,2050616,52808914,2893022,69128045,0,0,0,72021067,10532
TN,Hamblen County,2020,General Purpose,48566893,22891137,12244780,0,12988769,0,0,1221689,442203,0,0,5462878,3288814,509048,24009119,-5117195,38387054,0,0,0,33269859,10511
TX,Randall County,2020,General Purpose,57373308,43136020,4974144,250098,0,0,4736828,0,2388547,0,1887671,15717845,3267010,1299662,48819236,7087785,62015968,0,0,0,69103753,10381
VA,Augusta County,2020,General Purpose,109688579,74620660,12794422,1375872,0,0,11033402,0,7596861,0,2267362,7927419,22870708,1635216,96699561,445503,128687401,0,0,0,129132904,10339
TX,Val Verde County,2020,General Purpose,46928684,20266082,16352028,0,0,2770000,2642564,0,4142547,0,593663,6800227,9145868,0,16929956,5019890,27856161,0,0,0,32876051,10331
CA,San Luis Obispo County,2020,General Purpose,1290311000,367642000,90338000,0,0,82823000,625259000,0,28036000,0,36032000,110475000,266285000,23007000,253744000,-12974000,666485000,0,0,0,653511000,10265
TN,Bradley County,2020,General Purpose,79484248,22430623,2124061,14997802,32800380,0,0,4543916,5121277,0,2010105,14260759,7515084,278713,45188444,6293168,60949832,0,0,0,67243000,10263
NV,Elko County,2020,General Purpose,60439253,1476312,6174528,0,188347,0,43667486,0,6913581,0,1440307,9659073,3038294,929544,53619023,4249591,62996343,0,0,0,67245934,10247
GA,Spalding County,2020,General Purpose,44546884,9092559,1932063,5612143,0,0,18309390,0,2193549,0,1425146,11856043,2933777,345137,50117215,-8380305,73632477,0,0,0,65252172,10207
MN,Stearns County,2020,General Purpose,88514377,11683529,11076470,0,0,0,50627927,0,5373188,0,9753263,10681633,66602645,8144942,104856444,34955248,155330416,0,0,0,190285664,10171
NY,Oneida County,2020,General Purpose,822010453,499559822,99851668,18864914,0,0,79645465,0,97865008,0,4212009,82352446,114562332,28182713,221880045,-17874859,464852395,0,0,0,446977536,10108
GA,Liberty County,2020,General Purpose,84793468,24285733,3052795,643784,0,0,20796711,0,33820936,0,1542329,12447932,4060273,750568,37541566,302281,54498058,0,0,0,54800339,10092
WI,Sheboygan County,2020,General Purpose,51552755,5014071,11675587,0,0,24730000,0,9309530,3433433,0,6699666,21199186,38936103,2064756,68740954,10990310,119950689,0,0,0,130940999,10058
